tweet,topic,predicted_emotion,true_emotion
"Sebenarnya sepi itu tidak ada, yang ada hanyalah kondisi lupa. Lupa bahwa tuhan selalu bersamamu . .",Cinta & Romansa,sadness,sadness
"Udah mah takut belok terlalu miring karena pernah jatoh konyol dan pernah hampir jatoh masuk jurang karena ban benjol, skrg lg ngebut parah tiba-tiba gabisa ngontrol gas sama rem yg bikin hampir mati atau tabrakan. Pertanda apa coba ini",Kehidupan Sehari-hari,fear,fear
"Ramadhan udah masuk hari yang ke-20 aja. tapi saya? masih gini gini aja, ga ada perubahan. padahal gatau taun depan saya masih ada apa ngga buat ketemu sama ramadhan #IslahDiri",Kehidupan Sehari-hari,sadness,sadness
"Halo [USERNAME] [USERNAME] .. akhirnya kemarin saya bs tuker di Carls Jr PS, itupun ditolak dulu awalnya karena belum ada token toko. Masukan lain kali utk promo kalo belum siap semua dari [USERNAME] atau Carls Jr jangan jual2 dulu ke publik.",Politik & Sosial,anger,anger
"100/70 fix darah rendah, trus gue tanya ke mas perawat. ""Mas badan gue kan gede,masa iya darahnya segitu"" Mas perawat nyaut ""itu badan kebanyakan lemak,darahnya sedikit"" Si anyiiiiing",Kehidupan Sehari-hari,fear,anger
Jangan pernah bosan menunggu... Selama dalam menunggu itu di jalan Allah... Allah pasti akan memberikan kejutan yang tak pernah kamu bayangkan,Cinta & Romansa,happy,happy
Seneng banget dengernya congrats er sidang bakalan ada yg nungguin wisuda ada yg digandeng yuhoee,Doa & Harapan,happy,happy
"jangan sok akrab ye mention mention gue , maling dulu aje yg bener nanti kalo udah sukses jadi malingnye baru gue bales mentionan lu lu pada .. #SalamSatuNyaliLari #BonekJancuk [URL]",Doa & Harapan,anger,anger
"Bahagia donk ... diajak jalan ke Mall ... suruh jajan ... dan yang pertama di jajanin si Mungil, kemudian galau lihat baju ungu cantik klo bilang pengen itu sih diiyain aja sama Dia, tetapi emak kudu waras dikit",Kehidupan Sehari-hari,sadness,happy
"and ya ini 11 12 sama kasus gitasav jg sih. same case different reaction aja. d kasus gitasav orang2 salah fokus sama cara gitasav ngerespon helmi. tp d kasus via ada jg sih yg salah fokus sama grammatical error nya via, sempet bgt sih?",Doa & Harapan,sadness,anger
"tapi yah kalau chating, gw lebih suka enter send sih, daripada berspasi alenia panjang panjang gitu ngetiknya kek mau mutusin pacar aja. hahahaah",Kehidupan Sehari-hari,happy,happy
5) hmm...tapi koq ada yg NGGANJEL yach Dibawah menara TEGANGAN TINGGI ini kira2 nanti dikasih PENGAMAN apa ? Krn sy liat ada dibikin jln menuju menara ini ??? [USERNAME] [USERNAME] [USERNAME] [USERNAME] [URL],Kehidupan Sehari-hari,fear,anger
"Jangan sekalikali dah negosiasi sama Sagitarius, kolo moody lagi berantakan tolong jangan diganggu dulu. ucapannya lebih menyakitkan.. *manusia*",Kegelisahan & Refleksi,anger,sadness
Terima kasih mommy Jesica atas kepercayaan kepada [USERNAME] untuk treatment selama kehamilan nya. Semoga sehat dan lancar semua yaa mom,Cinta & Romansa,happy,happy
"hhh sampe sekarang masih kepikiran sm mahasiswa yg suicide karena skripsi & pressure dari orang sekitar. takut kalo gue nantinya kayak gt, karena mikirin skripsi udh stress bgt ditambah pressure orang orang terdekat dengan nanyain 'kapan lulus?' dll, takut ntar pas gue skripsi-",Kegelisahan & Refleksi,fear,fear
"masrakat nelayan di kbt merauke papua, resa dan gelisa karna lambatnya keluar surat surat (dukumen) kapal nelayan bakkan ada sampai tahunan,padahal masrakat nelayan menbayar mahal sampai 20 jutaan ditanba maraknya pungutan liar..",Politik & Sosial,anger,sadness
"[USERNAME] Aku diem, karena nahan ngomong yg nanti takute melebar sampek mana - mana. Dia mencoba tanya ""kenapa diem?"" aku tetep diem eh malah dia ikut diem dan merem :')",Kegelisahan & Refleksi,fear,sadness
"sebenarnya faedah Ondel2 itu apa ya ? Dateng cuman nyari sumbangan... ngibur orang juga kagak Ya... bener juga, sering w liatin pake tatapan kosong. Sebenarnya faedah ondel2 keliling buat apa ? Cuman sekedar bang... misi numpang lewat Udah, gitu aja?",Politik & Sosial,sadness,anger
"Selama gue jd Head of dept sampe jd GM Hotel , gue paling benci and langsung kepala gue bertanduk kl ada anak buah gue ditanya jawabnya  ga tau, sekali gue maafin, kedua kali ketiga dst masih jawab GA TAU? plaakkk #%\?+=*%",Kehidupan Sehari-hari,anger,anger
"Langkah kaki datang dan pergi Kini tak ada lagi Sisa air mineral dalam botol Tak tersentuh lagi Bangku antrian yang kosong Tak berpenghuni Melihatmu datang dari ujung koridor Berjalan tegap dan cepat Mata mu bersinar senyummu berpendar Aku tahu kamu rindu, begitu pun aku!",Kehidupan Sehari-hari,love,sadness
"Katanya ak dsuruh berdoa mudah2n besok pagi ada cewek cantik, gk tau tiba2 ada didpan rumah yg gak masuk akal jatuh cinta sama gue. / aku pikir2 kalo dia gila gimana? :v",Kehidupan Sehari-hari,love,fear
"Katanya dokter gigi sih klo makan jangan sebelah doang (kiri ajah atau kanan ajah) nanti bisa dislokasi atau apa gitu rahangnya.. tp kan, itu menunjukkan ke konsistenan nya diriku pak dok.",Kehidupan Sehari-hari,sadness,sadness
[USERNAME] But what makes me liking blink so much itu gara gara muka mereka beda beda dan gampang di hapal + most of them are lulusan idola cilik.,Doa & Harapan,happy,happy
"Gue punya Temen yg dibela-belain pinjem duwit ke kantor buat ""nyawer"" THR itu, PINJEM, UTANG Demi gengsi diantara keponakan, paman, tante, dan saudara2nya",Politik & Sosial,anger,sadness
Ada orang yang niat banget bikin akun gaib cuma buat memaki dan memarahi orang lain. Marah kok melalui akun gaib!!,Kegelisahan & Refleksi,anger,anger
AkuMencintamu Karena aku dari awal yakin aku dapat menjadi apa yang kau butuhkan dan apa yang kau selama ini cari.,Kehidupan Sehari-hari,sadness,love
"Untuk yg sakit, semoga disehatkan Untuk yg mencari pekerjaan, ditemukan segera Untuk yg bimbang, diberikan keyakinan Untuk yg hilang arah, diingatkan kembali ke Allah Sehat dan bahagia selalu",Cinta & Romansa,sadness,happy
dari dulu saya pacaran cuma dapat rugi dan sekarang sudah terbayar dengan kebahagian yang luar biasa terima kasih alah engkau memang adil,Cinta & Romansa,happy,happy
"[USERNAME] Sayang bgt gitu padahal vocal dia cocok buat energetic tpi yasudah lah Semoga aja my bby goeun selamat dan bisa nunjukin vocalnya dia di concept eval :"")",Kehidupan Sehari-hari,love,sadness
"beda kasus lagi pas sudah balik ke kampung halaman, saya sangat prihatin. Jelas jelas sudah ada tulisan #mohonantri tapi masih aja menyerobot antrian.",Politik & Sosial,sadness,sadness
sama.adiknya jg tuh si lita gw ga mau akrab2 lg coz mama gw benci bgt sm dia maklum mama gw sodara keluarganya ada keturunan saraf jd yah gitu kebanyakan yg jahat sialan dengki sm gw emg sodara mama gw,Kehidupan Sehari-hari,love,anger
"SEMUA WARGA NTT, SUKA ATAU TIDAK TENTU BANYAK DIANTARA KITA TAK SETUJU KLAIM SEPIHAK & TAK PANTAS DARI [USERNAME] DI [USERNAME] SEBAGAI ""TUHANNYA NUSA TENGGARA TIMUR""([URL] MALAH [USERNAME] DICACI MAKI KARENA BERANI KRITISI TIMSES VBL,[USERNAME] &amp",Politik & Sosial,anger,anger
"Ketika beliau menjadi Gubernur DKI Jakarta, kegiatan blusukannya diikuti oleh para wartawan karena pada waktu itu dianggap sebagai sebuah hal yang baru dan unik sehingga kemudian dikenal masyarakat luas. #Jokowi2Periode",Politik & Sosial,happy,happy
"Alhamdulillah, hari ini Senin tggl 9 Juli 2018 murid SMAIA 7 sudah mengawali hari pertama masuk sekolah di tahun ajaran 2018/2019. Pada kesempatan kali ini, dilaksanakan apel pagi dengan pembina bapak kepala sekolah.",Kehidupan Sehari-hari,happy,happy
Hal terbege selama seminggu ini adalah. Aku sudah menghidupkan alarm di jam weker dan jam hp namun aku hanya bangun untuk mematikannya lalu tidur kembali dan berujung bangun kesiangan. Oke syap,Kehidupan Sehari-hari,sadness,sadness
Ramadhan kareem! Alhamdulilah berhasil menyelesaikan jeruji perkuliahan! Jelas ini semua tidak mungkin terjadi tanpa dukungan orang tua + [USERNAME]! Wkwk kado ultah ke 22 yg boleh laaaa [URL],Doa & Harapan,happy,happy
"Itulah pentingnya materi kode etik diajarkan sejak SD, atau minimal ilmu ilmu dasar untuk berbuat baik, sopan, teratur. Lah kalo ga ya jadinya kaya gitu bablas, ga peka keadaan. gue lupa dulu BK, atau PKn atau SosUm bahas apaan, ya ada si kesananya tp ga khusus, jadi ga ngena",Kegelisahan & Refleksi,anger,fear
"Gak heran sih sama driver gocar yg ngeluh macet. Sama kayak gue ngeluh pas lagi kerja. Terserah deh Pak, saya pura2 gak denger. Capek juga soalnya.",Kehidupan Sehari-hari,anger,anger
[USERNAME] gua kan suka godain someone tapi dianya malu malu mau wkwk lagi nawarin makanan ke seisi kelas terus dia bilang 'suapin dong katanya lo sayang sama gua' yaudah w shock tapi seneng haha,Kehidupan Sehari-hari,happy,happy
"food test Rendang Bebek lagiii, oleh bapak Uyul juragan kuliner pemilik Warung Kopi [USERNAME] ... Alhamdulillah lulus uji, katanya cociiiks, dan disarankan langsung dimainkan. she [URL]",Kehidupan Sehari-hari,happy,happy
si gendut kalau saya yang suruh ogah jalan! dasar kebo!,Kehidupan Sehari-hari,anger,anger
siapa bilang PILKADA tidak PANAS ? ini buktinya ..... ada yg MARAH-MARAH krn batal jadi Calon Gubernur Jatim,Kegelisahan & Refleksi,anger,anger
haha iya deh sudah tidur saja :p bagen sehat wkwk,Doa & Harapan,happy,happy
Pecinta kpop salty? Ya siapa sih yg suka every one insulting things or people whom you passionate about Lo nya aja otaknya pada gaada . EQ nya jongkok Belajar menghargai . Percuma belajar ppkn,Cinta & Romansa,anger,anger
"Rasa takut akan kematian adalah yang paling dibenarkan dari semua ketakutan, karena tidak ada risiko kecelakaan bagi seseorang yang sudah mati.",Kegelisahan & Refleksi,fear,fear
[USERNAME] [USERNAME] [USERNAME] [USERNAME] [USERNAME] [USERNAME] @4Y4NKZ [USERNAME] [USERNAME] [USERNAME] Makanya dari itu saya bilang kurang cerdas walaupun mau percaya spt apapun jika sesuatu hal yg tdk masuk akal kita tdk bisa percaya,Kegelisahan & Refleksi,anger,anger
hahaha niatnya titip bamer doang kalo ketemu kang sayur. berhubung dia belinya di pasar sekalian titip yg lain.. haha suamiku baik sekali [URL],Kehidupan Sehari-hari,happy,happy
"Bersamamu, aku ingin lupa pada sebuah kata pergi yg meninggalkan luka. Karna aku pernah kehilangan banyak hal yg aku miliki. Namun untukmu, aku siap kehilangan kembali banyak hal.",Cinta & Romansa,sadness,sadness
[USERNAME] [USERNAME] [USERNAME] [USERNAME] [USERNAME] .... Betul..... Dulu juga jalan tol makassar yg ke bandara kosong hanya dalam tempo 5 tahun sdh padat penuh kendaraan.... Alangkah bodohnya orang yg satu ini [USERNAME] ....kok bisanya,Politik & Sosial,anger,anger
"Yaudah pokoknya makasih kamu udh mau pilih aku jadi kapel kamu, makasih udh percaya,sayang, dan sabar sm aku. Aku sayang sama kamu, semoga kita langgeng sampe tgl 25 di bulan2 berikutnya & seterusnya yaa. Maaf aku belom bisa jadi apa yang kamu idamkan, but i'll try it",Kehidupan Sehari-hari,love,love
ni wasit kemarin kepemimpinan nya bagus sekarang apan!,Politik & Sosial,anger,anger
"[USERNAME] [USERNAME] yg di bahas itu penting / tidak BPIP ada.... lah ko malah nyasar2 k HTI ya,,, jangan2 BPIP ada buat bubarin ORMAS yg g sejalan ame ROMBONGAN nye kali ya,,,, yg lebih faham coba jelasin...",Politik & Sosial,anger,anger
"Untuk beberapa waktu biarlah kita bekerja sebagai bawahan, kelak kita bangun usaha sendiri, jadi pengelolanya sendiri, jadi bosnya sendiri, jadi petani yang selalu bangga dengan usaha sendiri. #nonelse",Politik & Sosial,happy,happy
"[USERNAME] Esbuah 5rb, bolak balik gojek 20rb, beli 4 es buah 20rb, jadi 40rb.. worth it lah asli drpd dikota yg jual ceban 1 aja udah jarang parah.. wkwkwk",Doa & Harapan,anger,happy
"Sungguh [USERNAME] adalah rahmat bagi seluruh umat. Jangan dikotori dengan tindakan fanatik berlebih. Tunjukan bahwa kita adalah pembawa kedamaian di muka bumi. Mie sedapmu adalah untukmu, dan Indomie ku adalah untukku. [URL]",Cinta & Romansa,happy,happy
"Selamat ulang tahun istriku tersayang, yulyyanti_armal_prasetiyo . Semoga panjang umur, Sehat selalu, Rejekinya lancar, Tetap menjadi istri yang sholihah, Mendapatkan kemuliaan di [URL]",Doa & Harapan,happy,happy
thenkyu cepat sembuh buat yang lagi kena db,Politik & Sosial,happy,sadness
sial haha daripada kamu galau we hehe kamu memang sudah dari sananya stres div,Kegelisahan & Refleksi,sadness,sadness
"Yuk, akhirnya msk minggu awal bln Juni 2018. Ga terasa udh setengah thn aj. Ternyata bnyak target yg blm terealisasi sampai skr. Hrs belajar displin konsisten biar bisnis Oriflame makin lancar",Politik & Sosial,sadness,sadness
"Jadi, ini hari ketiga gue kenak gondongan. Auk darimana asalnya. Udah gerah ini rasanya tiap malam gak bisa tidur karna nyerinya sampe ke kepala",Kehidupan Sehari-hari,fear,sadness
"[USERNAME] Bukaaan, tapi aku punya kayak semacam trust issue gitu.. takut diomongin sama temen deket, takut kalo ngomong A nanti malah salah, dan aku bukan tipe orang yg gampang ceritain semua masalahku ke orang lain alias susah terbuka",Kegelisahan & Refleksi,fear,fear
"[USERNAME] [USERNAME] Tolong pencerahan kah, sy sudah lapor ke hotline dan mention kesini, tp tracking paket sy malah ke purwokerto itu!! Tujuan paket sy KAIMANA Papua Barat buka Kalimanah Purbalingga, kesalahan a di pihak anda yg salah",Politik & Sosial,anger,anger
Ini komprenya perkelompok satu jam kah? Asaan yang kelompok minggu kemarin maju katanya cuma sebentar gasampe setengah jam Lah ini uda mau satu jam Bikin degdegan woii:(((,Politik & Sosial,fear,fear
Untunge mereka tanggung jawab (kasih kaos ganti) setelah diguyur air kadi korban keisengan temen2 [USERNAME] [USERNAME] aisjogja aisjateng_plat_h,Kehidupan Sehari-hari,anger,happy
"yakin aja, setiap datang pasti akan pergi, dan begitupun sebaliknya. Pasti ada gantinya, ya mungkin harus dari nol lagi, ngajarin lagi. Ya itu lah proses, mau bisa ya harus belajar.",Kegelisahan & Refleksi,sadness,happy
kali ini ku merasa cinta memaksaku untuk bicara haruskah ku menerima jika kenyataannya berbeda atau ku biarkan saja semua yang terjadi tetap seperti ini mungkinkah ku yang akan memilikinya,Cinta & Romansa,love,sadness
Ini klo kita yang pose dengan atribut demikian bakal di laknat se-Indonesia di kata KOMUNIS LIBERAL ANTEK ASENG cc [USERNAME],Doa & Harapan,anger,anger
Kenangan bersama Mamita [USERNAME] . . . . . . #AndreBaraBere #JuliaPerrez #JuliaPerez #Jupenizer #lll #lfl #tflers #likeforlike #sick #Jupe #Meninggal #RIP #RipJupe #Cecepy #Cirebon,Doa & Harapan,sadness,sadness
[USERNAME] kepoin artis masa kini. wkwk. Alhamdulillah sehat. 2 sibuk ma anak. satu sibuk ma suami. satu sibuk mau nikah. rosa sibuk koreanan. Haha ,Doa & Harapan,happy,happy
"[USERNAME] [USERNAME] [USERNAME] [USERNAME] Gak usah heran Bu,yg buat kebijakan dan jdi presiden skrg satu partaimu bersama pemimpin partai sang nyonya besar..",Politik & Sosial,anger,anger
"kalau kita harus berpisah lama dan bertemu kembali, aku harus jatuh cinta denganmu lagi.",Cinta & Romansa,love,love
Niat ingin tidur di awal karna besok pagi anter ibu negara belanja bahan kue terus lagi dan lagi mesti ke capil ektp gue belun kelar udeh mao 2thn maleen,Kehidupan Sehari-hari,sadness,anger
"hari ini libur, rencananya mau nonton Jurassic World, tapi kayanya gajadi deh mengingat kondisi yg gak fit bgt ini sebel. Rusak rencana sebelanga.. sebel akutu",Politik & Sosial,anger,anger
"[USERNAME] maaf ni min, paket saya knp lama bnget ya, pdhl sy butuh banget ini, krn sy ngejar keberangkatan, dr kmrn sdh smpe gempol knp ko lama, pdhl sy di Pasuruan kota",Kehidupan Sehari-hari,anger,anger
"Luar biasa perjuangan dia buat mewujudkan angan2ku menjadi kenyataan. Terimakasih sayang, karen masih ikut menangis disaat aku menangis. I love u so much.",Cinta & Romansa,love,love
"Terimakasih, berkenan hadir buka bersama.. Merdunya lantunan suara azhan.. Terdengar dari arah mushola.. Kuucap sapa untuk semua.. Selamat Berbuka Puasa Teman-Teman.#bukber [URL]",Doa & Harapan,happy,happy
"Menurut gue cukup. Gue gaji di bwh 5jt segitu udh bisa nabung (target gue min nabung 1jt/bln). Kantor gue di slipi. Kosan gue di toamang ya kalo naik ojol pp 14rb. Kosan 750/bln tempat nya layak bgt, di cuciin pula",Politik & Sosial,happy,happy
"Dearest [USERNAME] terimakasih sudah selalu menyediakan tempat, hampir 4 tahun, mute msh org yg anin cari tiap kali butuh tempat. Sehat selalu, murah rezeki, ayo semangat garap ensenang your 22 ahead, luvvv!",Doa & Harapan,happy,happy
Belajarlah ONTIME mister olala. Ckp sdh setahun trs2 an telat. Rmh dkt. Ditegor kitudeui2... Jubras jebris.. Punyan panyun.. Batur mah 3X salah lsg SP 3... krg sabar kumaha deui aku.,Kehidupan Sehari-hari,anger,anger
"15 tahun yg lalu kau hadir di tengah kami menjadi penerus generasi ZULKIFLI cucu pertama Laki bagi kakek nya Selamat ulang tahun Anak papa bayujuli1007 15 tahun umur mu ,jadi lah laki [URL]",Doa & Harapan,love,happy
"model kecil tapi asal halal, bakal aja ada yang beli, bakal aja ada yang order, pas keliru bakal ada aja yang jujur. ""lu kata siapa ndri sotoy banget."" gue udah ngalamin sendiri, dari jualan pulsa dan kuoat internet 100 ribu doang. sekarang ketutup ongkos gue buat pp kerja.",Politik & Sosial,anger,happy
"Aku cuma takut aku terbuat dia kecewa  ini peluang terakhir, i knw him. Bila dia rasa kecewa yg teramat dia takkan pandang belakang. Dn dari sini pun dapat rasa kan yang aku mmg takut hilang dia",Kegelisahan & Refleksi,fear,fear
Z suka twitter soalny perempuan ji semua temanku dsni Biar mengomel sampe tablengker ndada bahayanya... bahas 'monsteration' jg bebas.. bahas nda puasa jg bebas~~~~~ Di wa mo update status streskan 'monsteration' kt harus pi dl blok semua cowo baru mengupdate ,Doa & Harapan,anger,happy
"Gini toh rasanya jadi wali kelas, untungnya rumah deket ke sekolah pas dicariin wali murid pada dateng ke rumah Kasihannya yg wali kelas udah rumah jauh jarang ke sekolah akhirnya di grup kena imbas",Politik & Sosial,sadness,sadness
"Pelit amat siiihh padahal TA ku karo TA mu kan bedo, lagian kowe yowes pendadaran, nek kowe jaluk TA ku yo langsung tak wenehi  didepan pembimbing sok jadi pahlawan yang bantuin aku, tp kenyataan NOL! gituin aja terus yhaaaa. Astagfirullah hal aziem. Sabar :)",Doa & Harapan,anger,anger
"Prof [USERNAME] mohon kiranya di-share cerita lengkap soal foto ibu yg saya jepret saat salat maghrib di gereja ayam pniel kmrn, biar gak ada informasi yg sepotong-sepotong. Trims Prof",Doa & Harapan,happy,fear
"Setelah lulus SMA papa akan sedikit memaksamh untuk menjadi dokter atau insinyur. Ketahuilah, bahwa seluruh paksaan yang dilakukan papa itu semata mata hanya karena memikirkan masa depanmu nanti. Tapi toh papa akan tersenyum dan mendukung saat pilihanmu tdk sesuai dgn papa.",Kehidupan Sehari-hari,love,love
"[USERNAME] arti kata fans itu sama dengan mengagumi. sekedar kagum boleh, kagum demi kepentingan pribadi sampe menganggu kenyamanan orang, tidak.",Cinta & Romansa,sadness,anger
"separah inilah aku yang tak mengerti bahwa ada fitur sms banking dan i-banking. okay i'm done~ btw terimakasih sudah menjadi yg tersabar menghadapi diriku yg gapteknya gak ketulungan, semoga alam semesta mengamini chatmu ya!",Politik & Sosial,happy,sadness
"Rasional juga cara pikir Yassona, karena partainya paling banyak koruptor pak",Politik & Sosial,anger,anger
"Selamat ulang tahun idolaku,masku sekaligus ebesku tercinta walaupun jarang ketemu tetep terselip doa untukmu semoga senantiasa diberi kesehatan,rezeki & kerendahan hati",Cinta & Romansa,happy,love
"[USERNAME] [USERNAME] [USERNAME] Anda benar. Tidak disemua tempat kita boleh melaksanakan sholat, salah satunya di bangunan yang didirikan untuk kekafiran (salah satunya gereja). Aku berlindung kepada ALLAAH SWT. dari godaan setan yang terku",Kegelisahan & Refleksi,fear,fear
"Tahun2 kemarin sebulan sekali lewati malino kalo melakukan pendakian. Skrang2 kayak sdah tdk bisa lagi capai ini tempat, Hahah. Terakhir kesini 19 july 2017. [URL]",Kehidupan Sehari-hari,happy,sadness
"Jangan tanya sedang apa aku hari ini, karena yang kulakukan selalu sama. Sedang mencintaimu. Setiap hari",Cinta & Romansa,love,love
"trending topic yang trendy banget, pro dan kontra wajar, tapi yg komen yg dilakuin doski itu cuma caper dan lebay malah nyalahin nganggep salahnya joget dangdut, ente mungkin harus cek posisi otak sama pantat barangkali ketuker, otak kok isinya full of shit. #viaVallen",Politik & Sosial,anger,anger
"Bukannya bersimpati aku liat akun kayak gitu malah jadi serem, malah jadi takut soalnya videonya dia menghancurkan dengan cara brutal dengan cara pake kampak terus di posting gitu. Sedih kali loh liatnya.",Kegelisahan & Refleksi,fear,fear
Tapi tentunya secara ini Bekasi ada hal-hal yg sayangnya tidak terelakkan. 1. Bekasi itu panas. Banget. 2. Bekasi kalau weekend sore/malam itu macet. Banget. Tapi hal tsb bisa diatasin sih. Kalau panas ya pake AC. Ngindarin macet dg rencanakan jadwal keluar rumah.,Kehidupan Sehari-hari,fear,anger
"Bagus Tindakan yang sangat hebat... Sebentar lagi tunjangan hakim,jaksa dan pensiunan naik 300% Yang wiraswasta silahkan gigit jari Hambur2kan utang duit to nyari dukungan. Jokowi: Tunjangan Kinerja TNI-Polri Naik 70 Persen, Cair Juli [URL]",Politik & Sosial,anger,anger
[USERNAME] Jangan krn save kampus ada alasan tuk memelihara pelaku teror di negeri ini. Sebaiknya Kapolri menawarkan FH dan FZ digaris depan dalam penggrebekan pelaku teroris agar merasakan ketegangan saat itu berlangsung. Aktivis bukan segalanya bila tak,Politik & Sosial,anger,anger
"Sedih dan mendengarkan lagu-lagu sedih. Bukan liriknya, melainkan musiknya saja untuk menemani malam ini karena ku yakin ku tak bisa tidur cepat malam ini",Kehidupan Sehari-hari,sadness,sadness
[USERNAME] Udah dipaksa tapi aku bukan anak gem. Satu satunya yang ku bisa hanyalah candy crush Daripada mabar cuma dibentakin karena bego,Kehidupan Sehari-hari,sadness,sadness
"[USERNAME] Narsumku rutin minum obatnya. Pernah dia skip setahun gak minum obat, karena waktu itu ngerasa dia baik2 aja. Begitu skip minum obat, dia balik lagi dengar bisikan2, bahkan lebih parah. Kalau minum obatnya terkontrol, dia bilang menjalank",Kegelisahan & Refleksi,sadness,sadness
Mana yg kuat jaga harga diri dan mana yg woles harga dirinya dilecehkan. Adat ketimuran jangan disamain yg kebablasan woles dilecehin. Situ perempuan jadi-jadian? [URL],Kegelisahan & Refleksi,anger,anger
Kasih sayang merupakan suatu Anugrah Terbesar dalam kehidupan terlebih lagi jika Anda telah memiliki orang yang mau memberikannya dengan ikhlas dan tulus pada diri Anda.,Cinta & Romansa,love,love
"Tengah ddk baca replies dkt bwh ni, tiba2 air mata mengalir... Benda yang paling seram adalah menjadi ibubapa... kita xkn tahu satu perkataan yg dtg drpd parents boleh memberi kesan seumur hidup",Kegelisahan & Refleksi,fear,sadness
"[USERNAME] Via Vallen mendapatkan pelecehan seksual via DM instagram oleh pemain sepakbola asing tapi di klub lokal Dan, netizen malah blame the victim, again, dan sedih itu cewe-cewe juga yang nyalahin.",Kegelisahan & Refleksi,sadness,sadness
" Jangan takut Negatif thinking gak aka pernah kasih positif Jadi tetap optimis aja , kalau pun besok terjadi something yg kamu gk harapin tetap ingat Tuhan aja I Love ya",Cinta & Romansa,love,love
"Lalu bagaimana dengan papa? Mungkin karena mama lebih sering menelpon untuk menanyakan keadaanmu setiap hari. Tapi tahukah kamu, ternyata papa lah yang mengingatkan mama untuk menelpon.",Kehidupan Sehari-hari,love,love
"[USERNAME] [USERNAME] Terima kasih sudah memberikan musik yang bagus untuk kami, konten konten yang bagus untuk kami, dan terima kasih sudah memberiku semangat untuk menjalani hari terlebih setelah aku down karena banyak hal",Doa & Harapan,happy,happy
"Mendekati jam 12 malam gravitasi kasur sangat besar, tapi mengapa grup angkatan ni kalau jam segitu baru mulai membahas topik ujiannya yang lebih kompleks dari topik saat malam harinya.. Well",Politik & Sosial,sadness,sadness
"Nah, yg keterlaluan adl kalo ada pjbt eselon yg menyalah2kan pelaksananya atas suatu kesalahan dokumen yg dia ttd/paraf. Istilahnya gak mau disalahkan. Pdhl tugasnya pejabat itu y neliti dokumen sblm dittd/paraf dan tgjawab atas isinya.",Politik & Sosial,anger,anger
"[USERNAME] Smua org pasti beda"" [URL] aq krja gini jg aq target.krna dr keluarga yg sgt sdrhana .. stiap pemasukan aq catat n hnya seperlunya yg aq beli.sisanya dtabung.sdh ada niat untuk brhnti [URL] ada"" aj cobaan'",Politik & Sosial,sadness,sadness
"Eum apalagi ya . . Dewasa pake banget kamu mah. Oh iya, bucin juga! Tapi nggak apa-apa, asalkan Sabila happy. Me cintas you!",Doa & Harapan,love,love
"Kesel sekesel keselnya soal kasis Via Vallen. Kenapa dia yg berani speak up malah dihujat? Yg ikut menghujat sesama perempuan pula! Sedih rasanya kok ya cewek2 ini nyuruh si via vallen diem aja. Ini pelecehan loh, harus dilaporin ke polisi kalo perlu!",Kegelisahan & Refleksi,anger,anger
gue pengen banget curhat ke sahabat gue. Tapi gue selalu takut kalau suatu saat bakal di bocorin. :( gue gak pernah percaya kalau mau curhat rahasia ke sahabat atau orang terdekat,Kegelisahan & Refleksi,fear,fear
"Mengapa hidup ini ada yang mengatakan kejam? Mungkin dia menganggap hidup ini sebagai pertarungan juga arena persaingan. Kalau dia berfikir layaknya petani, maka hidup ya seperti bercocok tanam, ia akan merasa diantara harapan & ketakutan",Kegelisahan & Refleksi,fear,sadness
"Mau Ngucapin Happy Birthday yg ke 24 buat de' Nursehah. smoga berkah umur & rezekinya, sehat slalu, makin rajin ibadahnya & tetap jadi wanita kuat yg menginspirasi bnyak org. Wish u all the best girl  #IniSahurTIKETCOMHariKe20 [USERNAME] [USERNAME] [URL]",Doa & Harapan,happy,happy
"Selamat pagi warga Gunungkidul, bagaimana suasana pagi ini di tempat kawan2? #selamatpagi #gunungkidul #HariLingkunganHidupSedunia #WorldEnviromentDay2018",Doa & Harapan,happy,happy
Dear [USERNAME] knp statusnya begitu y? Padahal selama ini pesen dr marketplace tsb alamat lengkap bgt selalu sampe. Ini salah dmn ya? [URL],Politik & Sosial,anger,fear
kasihan pasti nungu lama yah terus result'a apa,Kehidupan Sehari-hari,sadness,sadness
habis manis sepah dibuang ngomongnya manis ujung-ujungnya cuma drama saja,Kehidupan Sehari-hari,happy,sadness
"[USERNAME] [USERNAME] [USERNAME] Pmarahan Muhammad bin Salman, Tak Sudi Temui Amien Rais Cs. Sungguh memalukan, bahkan para politisi ini mdpt cibiran dari kalangan istana di Riyadh, Saudi Arabia. [URL] [URL]",Doa & Harapan,anger,sadness
"ibuqu demen bgt teriak becanda gt, ngelawaq mulu, demen india, kalo udh ngeliat berantakan dikit udh dah ngomul wkwk tp aku sayang bgt dong kalo nyuruh teh meni ga satu2, kalo udh marah serem tp gampang baeknya lg. semoga sehat sehat slalu",Kehidupan Sehari-hari,love,love
"Oppa yang sekarang... Tetep sama! Selalu dengerin curhatan aku, tentang hal-hal gak penting bahkan sampe yang penting banget. Sayang sama aku, dan lebih hati-hati sama sekitar. Pertahankan",Kegelisahan & Refleksi,love,love
[USERNAME] jaringannya mati ya? Tidak bisa dibuka mobile jkn. Saya mau ke puskesmes trus piye mau tunjukkan kartu elektoniknya? #kecewa,Politik & Sosial,anger,anger
Jadi happy nya gue tuh justru buat hal yg simple2 Sesimple ngeliat panah yang buat nunjukin bensin motor (apaansi namanya) gerak ke arah full,Doa & Harapan,happy,happy
k-netz emang gitu. klo ngebash suka ga pake mikir deh :(,Doa & Harapan,anger,sadness
"AkuMencintaimu Karena disisimu, sepiku hilang. Di sampingmu, aku terjaga. Dan bersamamu aku bahagia!",Cinta & Romansa,love,love
"Selamat tanggal 26 mas. makasih jugaaa sabar terus sabar teruuuss sama akunya, jangan capek capek sama aku, selalu ingetin aku hal hal baik ya, aku juga sayang kamuuu",Cinta & Romansa,love,love
Happy mansive Daddy wah udah 1 bulan aja. Aku beruntung banget dapetin daddy dan makasih atas selama 1 bulan yang udah kita jalani daddy udah buat aku selalu senyum. Aku sayaaangg banget sama daddy ga ngerti lagi sayang nya gimana.. Intinya I LOVE YOU!,Doa & Harapan,love,love
"Dungu [USERNAME] buyback Indosat keluar dalam ajang debat yang spontan, dalam sesi debat juga Anis sering menuduh kubu Prabowo didukung para mafia apa elu mau bantah [URL]",Politik & Sosial,anger,anger
Kalau begal bagaimana pak polisi ? Terus pelaku nya kerusuhan tersebut apa hanya di bubarkan saja ? Kenapa tidak tembak mati saja. Agar jera tidak lakukan lagi.trims [URL],Kehidupan Sehari-hari,anger,anger
"apa tdk ada kata lain, yg dipelajari anak2 disekolah ttg Cebong berbeda bagi mrk, anak2 tanya : Jadi Cebong itu orang ya, bukan anak Katak ? [URL]",Kehidupan Sehari-hari,anger,anger
"Kenapa ya kalo ngeliat orang lain ngelakuin tu serem, tapi kalo ngelakuin sendiri berani. Kalo udah ngeliat pasien tuh kayak jadi bisa ngelakuin apa aja buat mereka gitu. #Eaaaaaaa",Kegelisahan & Refleksi,fear,happy
"[USERNAME] Kepentok dikit langsung kereboot otomatis bbnya, kalau udah terlalu lelet dan nekan apapun gak bisa ya jalan satu2nya copot batrenya biar restart lagi, produk gagal emang itu merk, tapi di masanya rame pula yg berbondong2 utk beli hp itu, hany",Politik & Sosial,anger,sadness
"namanya orangtua ya emang wajib kan bayarin anaknya sekolah ? jadi gada tu yang namanya buang2 duit !! semua yang udah dilakuin sama kita baik bener apa gak itu gabakal sia sia ! gausah takut gagal, gausah mikir buruk. justru yg sia sia tu dg kalian ngejudge orglain kyk gini",Kehidupan Sehari-hari,anger,anger
"Haechan aku sayang kamu. Sayangku ke kamu gak kebagi, ini masalah pribadi tenang aja sayangku ke kamu lebih besar daripada sukaku ke dia yang udah kompre hari ini [URL]",Cinta & Romansa,love,love
"Iya, saya sadar saya tidak dibutuhkan. Saya sadar kemana saya harus pergi. Tapi kenapa setiap saya pergi selalu dicari? Apakah saya hanya diperlukan pada saat dibutuhkan saja?",Kegelisahan & Refleksi,sadness,sadness
"Akhirnya ku putari itu thamrin sampe pening kq ini, w melihat-lihat. Dan yu kno wat? Banyak bgt dong baju kemeja koko bomber jacket kaos cakep2 bgt bwt brondong dan mantan w.",Kehidupan Sehari-hari,happy,happy
[USERNAME] tolong akun saya ini kenapa tidak bisa masuk ke aplikasi my indihome .setiap kali mau masuk selalu minta kode verifikasi ke nomer yang dulu sedangkan no yang dulu sudah di blokir oleh pihak telkomsel .tolong dan mohon di bantu,Politik & Sosial,anger,anger
Ada untungnya punya adik tuli. Bisa ngobrol bahasa isyarat sama driver grab yg barusan. Mungkin kalau kadang njenengan order grab di sekitaran GOR UNY mungkin bisa ketemu beliau. Kocak orangnya sih. Kalo kalian ngerti.,Kehidupan Sehari-hari,happy,happy
ia sudah lama kita tidak-ngumpul lagi hahaha ok tapi jadwal nih kendala kita :p,Politik & Sosial,sadness,sadness
"[USERNAME] Iya lagi banyak film action nih... kemarin setelah Pengabdi Setan bnyk tuh film horror! kesel tiap kali liat trailernya sblm film mulai! bikin takut kan! ku klo nonton sering malem, jadi suka parno,wkwkwkwkwk",Kehidupan Sehari-hari,fear,fear
"Jadi sejauh ini, udah ada 6 barang yang ku beli hasil flash salenya bukalapak. OMG dari harga yang Ratusan Ribu yang bahkan aku sbg sahabat misqin tak mampu beli, sekarang kebeli semua wkwkwkwk. Dan masih ada flash sale jam 6 sore, jam 8 malam dan jam 12 malam",Politik & Sosial,sadness,happy
"Oh kirain beli 4 wkwkwk maksudnya 4 tuh ongkos gojeknya yhaa.. Aduuu cian.. gapapa lah buat sendiri, daripada udah beli buat orang lain eh ga dimakan kalo ga dikasihin lg ke orang.. Baguslah mandiri, drpd udah lama sendiri, tetep manja",Kehidupan Sehari-hari,happy,happy
[USERNAME] [USERNAME] Hanya orang yg berotak tai seperti anda yg mengatakan jakarta sekarang lebih bagus ! Makanya menilai sesuatu itu harus jauh dari kepentingan diri sendiri !,Politik & Sosial,anger,anger
"Meluk adek. ""Sayang yang sabar ya. Adek lagi hamil kan. Jangan emosi mulu, bahaya loh buat kandungan adek. Kan Vian udah bilang juga, ya?"" Mengecup kening adek.",Cinta & Romansa,love,love
"efek pemilu itu toksik, sekalipun yg toksik itu berhasil merubah diri jadi lebih religius (tobat).tp ya ga terus seenaknya paranoid, penuh kebencian juga si.",Kegelisahan & Refleksi,anger,anger
"Katanya sebelum lambat 6 bln bisa perpanjang sim dimana aja, sy ke mobil sim ga bisa. Mana harus keluar kota lg. Kemarin sebelum lebaran selalu ga kebagian kuota . ???? [USERNAME]",Politik & Sosial,sadness,anger
Tapi eug takut kalo dia nanti merasa tdk mau ditemani trs menjauh trs nyindir trs ku tak enak lagi dan malas ngampus dan macam-macam akibat,Kegelisahan & Refleksi,fear,fear
"Trs emak gue naksir semua sm baju yg gue beli dong  Trs nih, beliau pen gamis yg dr hasil w blusukan satu setengah jam cm dpt 1 itu. Lalu bsk, beliau minta beliin.",Kehidupan Sehari-hari,sadness,sadness
"[USERNAME] selamat pagi min. Kan saya sudah test, trus ada tulisan selesai, tapi ada lingkaran loading terus di kiri atas. Itu bagaimana ya min? Apa sudah tersimpan hasil test saya? Terima kasih sebelumnya [URL]",Politik & Sosial,anger,fear
"Christine Lagarde pun membagikan momen ke Pasar Tanah Abang di akun Twitter-nya. Namun ada yang lucu, dia salah menulis kata 'blusukan' menjadi 'blukusan'.#JokowiSekaliLagi",Kehidupan Sehari-hari,sadness,happy
Evaluasi dikit boleh x ya buat yg terlalu sering nyinyirin ttg masalalu negara. Bangun coi kita hidup di era kemunduran kemerosotan moral coi!! gimana caranya kita bangkit dari masalalu bukan sibuk ataupun asik mengkritisi masalalu tanpa memikirkan kewajiban didepan mata.,Kegelisahan & Refleksi,anger,anger
Ya masa-masa itu sudahlah terlewati. Walaupun memang nggak sampai fanatik banget. Tapi sekarang sudah risih lihatnya. Sudah ndak tertarik lagi. Okesip.,Kegelisahan & Refleksi,sadness,fear
Kppn punya akun fb? Ig? Twitter? Apa yg boleh dipost kppn dan apa yg enggak? Apa yg bisa diketahui umum apa yg enggak? Apa kami sempet update medsos kantor sdgkan medsos kami jg susah cari konten. (dyaar),Politik & Sosial,anger,sadness
bikin orang kesal saja,Kegelisahan & Refleksi,anger,anger
"HUAAAA TAKUT BGT WOI GW PENAKUT AKUT. KAGETAN PARAH. TERIAK BISA PALING KENCENG KALI. makasih ojan, ibad, haekal, imam yg bikin w takut malem ini",Kegelisahan & Refleksi,fear,fear
Tadi gue lewat jalan yang aga rame orang jualan. Gua liat ada yg dagang baju. Dan baju itu tulisannya #gantipresiden2019 Gila mesti ga sih sampe kaya gitunya? Kadang gua bingung ya ama orang indonesia. Ga pernah ada rasa bersyukurnya,Politik & Sosial,sadness,anger
"Lagi ngoceh soal artis xx yg di follow masku..ya ngoceh dikit Temen kerja gue komentar ""haha kasian ya lu beli tiket mahal cuma salaman kaga di folbek"" I was like ""-_________-"" Pfftt Males ngobrol ama orang gblk emang",Doa & Harapan,anger,anger
"Jangan tuntut aku untuk jd apa yg kamu mau karna aku takut jika akhirnya aku tak bisa memenuhi tuntutanmu, terimalah aku apa adanya maka kupastikan kamu akan kubuat bahagia dengan caraku",Cinta & Romansa,love,fear
"[USERNAME] Udah gitu dari sananya hyung hahaha suka saling bully, yugyeom kan emang usil ke semua tapi sayang sama hyung nya, kalo gue suka di ganggu karna paling serius kayaknya yang lain kan masih ikutan lawak, mungkin begitu hyung gatau detailnya",Kehidupan Sehari-hari,love,happy
[USERNAME] Iya nad. Ada drama drama cryingnya juga. Apalagi kalo laper... biasa makanan ada tersedia tinggal ambil. Kalo dikos musti cari makan sendiri pas gaada temen nah ini bisa bisa nangis. Jadi kangen ibuk hahaha LOL,Kehidupan Sehari-hari,sadness,sadness
"Ok.. Jam 10:25 tanggal 10 Juli 2018, Fix gue ngerasa yang aneh dan ngerasa lo udah berubah dari biasanya.. Obayk...!!!!! Saya understand..",Kehidupan Sehari-hari,sadness,sadness
"Yang maha membolak-balikkan hati, alhamdulillah for everything god. Hatiku tenang karena mengetahui bahwa apa yang ditakdirkan untukku tidak akan pernah melewatkanku. [URL]",Cinta & Romansa,happy,happy
"Salah sangka yang menghasilkan sebuah kekecewaan. Kekecewaan yang pada dasarnya tak mempunyai alasan yang kuat. Namun, saat semua situasi sudah kembali clear. Itu menjadi sesuatu yang lucu untuk diingat.",Kegelisahan & Refleksi,sadness,sadness
"Aku tanya, ""ada apa sih emangnya di bawah?"" ""Udah ikut aja."" Ajakmu, aku mengekormu dari belakang. Dan ternyata McFlurry! ""Harusnya kalo hujan gini beli yang anget, eh tapi malah ini."" katamu. ""Udah ngga apa, kan kamu tadi belinya sebelum hujan."" Kita saling menoleh dan tertawa.",Kehidupan Sehari-hari,happy,happy
Keren banget sumpah gua Mau nangis sangkin kerennya gua makin sayang banget sama kalian jangan lupa streaming Aroha,Kehidupan Sehari-hari,love,love
"Oh gini rasanya dipepet dan dikejar orang tengah malem gini. Lumayan bikin senam jantung. Kejar-kejaran ngebut bgt, mendadak aku pelan pas di bangjo dia nungguin dong sambil ngeliatin ke belakang mulu. Akunya nunggu lampu ijo, dia lurus aku mendadak sein kanan, amaaaaan :)))",Kehidupan Sehari-hari,fear,fear
"Dri pgi ngerasain sakit perut kirain mau haid, udh beli kiranti pas di cek malah kaga ada,  plis atulah haid skrg aja, biar bisa ikut solat ied ",Kehidupan Sehari-hari,sadness,fear
"kenapa nggak berobat? simple, takut suatu hari snap lalu od. sekarang gw liat benda tajem aja masih suka takut, takut tiba2 ngelakuin yang aneh2.",Kegelisahan & Refleksi,fear,fear
"Nah hari ini kaka gue memutuskan naikin uang makan gue biar ga makan di kfc mulu, ga bergizi katanya. Dan di hari pertama uang makan gue naik, gue memilih buka puasa pake baso uang makan ada kembalian, hati happy. Makan mah yg penting bismillah",Doa & Harapan,happy,happy
"Rajin hadirkan diri dgn majlis ilmu, supaya kita blh mantapkan lagi diri kita. Ilmu akan jd perisai diri kita. Ilmu dan akhlak kena seiring. . Jgn lupa selalu berdoa yang baik.. utk diri sendiri dan org lain. . Trus istiqamah menuju ke arah kebaikan",Cinta & Romansa,happy,happy
"Klo pemerintah atau mungsuh pemerintah teliti, mereka bisa periksa APA harapan mansyarakat skrg ini karena ini dilontarkan scr eksplisit dan terbuka, yaitu harapan pada te-ha-er....",Kegelisahan & Refleksi,sadness,anger
"Bertemu dengan orang-orang yang mau ""mbabat alas"", yang ga malas baca, dan berusaha-nyoba-sendiri-dulu-dengan-panduan-yang-ada-kalo-mentok-baru-nanya itu suatu keberuntungan ya. Jarang banget saestu.",Kegelisahan & Refleksi,happy,happy
"Bulan purnama jika ada pasangan yang saling membenci dan atau saling mencintai pada saat bulan purnama bersinar dan mereka di bawahnya, maka mereka akan menjadi pasangan sejati yang akan menjadi pasangan paling tersohor sealam jagad raya",Cinta & Romansa,love,love
"18. Nekko-nya aku, eh bukan, Nekko-nya Jujun, baikkkk banget. Sumpah, aku bukan pencitraan tapi emang bener . Also, you are cute without even trying. Kamu beneran selucu itu! Jangan pernah berubah ya, Nekko-chan? Cepet jadi juga sama Jujun. Aku sayang kamu!",Doa & Harapan,love,love
"eallaaaah paaak, bikin ngiri aja duduk berdua ama yayang ....#mesra #presidenterhebat #Iriana #firstladyIndonesia",Doa & Harapan,happy,sadness
"Kalian semua boleh berasumsi, tapi tolong bijaksana. Jangan ngomong sana-sini cari pembuktian tapi berujung fitnah. Thanks for you guys, yg udah ngertiin banget dan ga ngomong yg engga engga.",Politik & Sosial,anger,anger
"Aku ramal kamu akan datang kerumahku bertemu orangtuaku, entah itu sebagai tamu undangan di pernikahanku atau justru sebagai pendampingku. Aku yakin itu ",Kehidupan Sehari-hari,love,love
Blm bisa move on dr keseruan event torch relay asian games 2018 #sisasemalam #dibuangsayang #withgadis @ Rumah Jabatan Gubernur Provinsi Sulawesi Selatan [URL],Doa & Harapan,sadness,happy
"Pas masuk udah bilang, iyah soalnya saya bingung ke sana di mana2 macet. Duh kenapa juga ambil orderan saya Pak. Ini belom jam kantor pulang lo. Macet jg lampu merah doang. Jalan. Belom tauk Cikampek sama JoRR nih. ",Kehidupan Sehari-hari,anger,anger
"Bisa mencium bau tanah kering yang abis kesiram air ujan itu adalah definisi kebahagiaan tersendiri. Alhamdulillah hujan, yang meski cuma sebentar hari ini.",Cinta & Romansa,happy,happy
"Selamat ulang tahun ibu,Teruntuk orang yang paling aku sayang dan orang yang selalu sayang kepada ku",Cinta & Romansa,love,love
[USERNAME] Sama email traveloka terus. Telfon call center cuman 1 kali karna ga berfaedah sama sekali. Trus akhirnya ak nyepam di facebook penuh makian sama garuda. Eh malemnya dah masuk transferannya wqwq. Tergantung maskapai kayaknya. Soale sodaraku ref,Politik & Sosial,anger,anger
"Commuting pagi dari Bintara ke Pejambon ada 3 KRL, yaitu 06.34, 06.45, atau 07.09. Selama lancar, naik KRL di antara opsi tsb ga pernah telat. Tadi gw subuh ke Jatinegara jemput istri. Pulang eh ketiduran baru bangun jam 06.30. Masi ngejar KRL 07.09 dan sampe kantor jam 07.54.",Kehidupan Sehari-hari,sadness,happy
[USERNAME] Gak pernah dan gak akan pernah percaya sama aplikasi macem itu. Kayak yang baca artikel terus dapet duit juga. Itu kita masukin data pribadi dan no. rek juga kan? Bahaya gak sih. Jangan mudah tergiur sama hal-hal gini deh..,Politik & Sosial,fear,fear
"ter-oon emang ada yang 540 kenapa download yang 720 sihhh. Abis kan 1GB, padahal buat download about time eps 06 sama miss hammburabi eps 06 juga",Doa & Harapan,sadness,sadness
"Demi apa, kalau gue punya pc ban Agus, gue trade langsung nih sama si Mas",Politik & Sosial,anger,happy
Aku mencintai kamu sangat mencintai~ Mengapakah harus ku rasa Sepenting itukah cintamu Kita berawal karena cinta Biarlah cinta yang mengakhiri,Cinta & Romansa,love,love
Lebih menyeramkan kalo punya grup WA keluarga yg isinya sharing2 hadist & ayat Al-Qur'an DAN grup WA lingkungan paroki gereja.... Serem kalo salah reply,Kegelisahan & Refleksi,fear,fear
(2) awalnya kaget karena gak pny basic broadcast tp krn rasa ingin tau yg tinggi jadi deal nih apalagi salarynya Alhamdulillah utk sekelas penyiar. Hari kedua di studio sdh memasuki bulan #Ramadan dan totally lingkungannya syariah dan muslim banget. Awalnya maksain diri utk,Politik & Sosial,happy,happy
"Mereka sangat kuatir dengan dukungan penuh NU kepada Presiden [USERNAME] makanya yang mereka coba utak-atik dan delegitimasi adalah istilah Islam Nusantara yang diperkenalkan dan dikembangkan NU sejak Muktamar 2015. Jadi persoalannya bukan agama, tapi politik",Kegelisahan & Refleksi,fear,anger
"Mata kiri nih selalu kena masalah, entah itu bintitan atau sakit dari benjol di ujung pelipis mata yang emang udah ada dari kecil (kalau benjol kanan kiri ada sih) Tapi rasanya tuh....agak menyiksa ketika dibutuhkan buat kerja rodi",Kegelisahan & Refleksi,sadness,sadness
"Orang yang suka maksa juga bikin ilfeel dari awal. Sering banget kalo ngomong pake kata ""harus"", ""sekarang"". Yang buat dia ""harus"" belum tentu penting kan buat kita? Lagian, kenapa juga harus selalu ""sekarang""? Ngegaji aja kita belum tentu boleh maksa, right? Bhay. [URL]",Politik & Sosial,anger,anger
"Saran sy kpd DPRRI, terbitkan kembali UU yg mengatur tentang hukuman mati atau seumur hidup bagi yg melakukan koruptor baik yg nilai rupiahnya besar atau kecil disamakan, supaya ada efek jera bagi koruptor dan tdk ada toleransinya",Politik & Sosial,anger,anger
"waktu itu awal kelas 11, cuma karna duduk sebangku, gua bisa langsung deg degan dan jatuh hati selama 10menit, sama orang yang dulunya guaa kira freaky abis.",Kehidupan Sehari-hari,fear,love
"Baru pulang & mama said 'jgn kebanyakan mikir kamu ya mama takut, uwa tiba tiba pembuluh darah otaknya pecah sblmnya tlp ibunya kepalanya sakit' dan pas ditemuin lg kejang dikamar",Kehidupan Sehari-hari,fear,fear
"[USERNAME] [USERNAME] [USERNAME] Kok sedih ya baca ini? Apa kabar ibu2 yg cmn fokus urus anak dan ibadah, duit ngepas jd gaada budget bahkan buat beli bedak doang, badan melar krn ngabisin makan anak2 krn sayang uangnya kl smp dibuang. Ga pantes dicintai suami",Kegelisahan & Refleksi,sadness,sadness
Vedevah Kartu Multi Trip malah jadi gajelas penggunaannya Ngapain gua isi saldo buat KMT kalo akhirnya Tap suruh beli kartu THB etttaaann,Politik & Sosial,anger,anger
"Yg Jelas [USERNAME] & [USERNAME] 1. Tidak kreatif, hanya melanjutkan saja. 2. Suka melempar kesalahan kpd pejabat sebelumnya atau kpd bawahan. 3. Pintar bicara terutama ngeles. Kalau sudah begini .. Cuci Tangan selesai.",Politik & Sosial,anger,anger
huh siap tanggal ulum!sunguh menyeramkan kenapa tidak-langsung naik kelas saja sih ribet amat mesti ada ulum -,Kehidupan Sehari-hari,fear,fear
"Ndak usah jauh jauh mikir besok pemimpinmu siapa, mikir nanti sahur makan apa aja dulu. Kalo masih berharap dapet takjil saur on the road, fix nggak usah sok koar koar deh gonta ganti pemimpin xixixi",Doa & Harapan,anger,anger
Haiyaa dagangan lu olang kaya IM Isis HTI kagak laku a.. [USERNAME] [USERNAME] [USERNAME] [USERNAME] [USERNAME] [USERNAME] #2019BUBARKANPKS. [USERNAME] [USERNAME] [USERNAME] [USERNAME] [USERNAME] [USERNAME] [USERNAME] [USERNAME] [USERNAME] [USERNAME] [URL],Politik & Sosial,anger,anger
"[USERNAME] kalo gue blm punya apa2 padahal gue pengen bawa cewek gue ke jenjang yg lebih lanjut, lebih serius, jelas gue minder. takut gabisa memenuhi kebutuhan dia secara materi. inilah yg bikin gue takut buat menikah, endingnya.",Kegelisahan & Refleksi,fear,fear
"Kalo cewe, ada opsi kak: Kalo gak pinter manage uang, yha punya banyak uang Karena kadang perkaranya itu soal gak mampu sih, bukan gak mau",Politik & Sosial,anger,sadness
"yang saya inginkan di acara @86netmedia dari dulu, di kota ku ada tim patroli ginian. Dan sekarang kesampaian, akhirnya Polres Tuban punya Tim Macan Ronggolawe buat Patroli sudut2 [USERNAME]. Hehee terimakasih bapak2 polisi",Politik & Sosial,happy,happy
"Orang kalo seneng ngobrol pasti ngobrolnya lama. Pura2 ngapain kek, biar gak merasa nyaman (bukannya jahat). Kalo diladenin terus yang ada elu kelewat makan siang dan shalat. Yang namu juga gak mikir udh waktunya makan siang bagi orang-orang kantor. Untung bukan gw yang ladenin!!",Kehidupan Sehari-hari,anger,anger
"Selamat Pagi Tweeter Semoga Hari2 selalu bahagia ... Jauh dari rasa benci, amarah, dendam, iri dan dengki... Sambut hari dengan perdamaian, kasih sayang dan cinta....",Doa & Harapan,happy,happy
"Tadi lagi asik ngobrol sama temen-temen SMA terus terbersit di pikiran sendiri ""gimana ya aku nanti di alam kubur teman-temanku ini kan hanya fana"" serem banget pikiranku ini",Kegelisahan & Refleksi,fear,fear
"Cintamu adalah harapanku. Kasih sayangmu adalah dambaanku. Kesetiaanmu adalah jalanku, maka tuntunlah aku agar dapat berada di dalam hatimu selalu untuk selamanya. #",Cinta & Romansa,love,love
Harini story iolls full muka alepan. Itu ja yg mampu buat pon haha. Happy birthday [USERNAME]. Bff yg paling gua sayang,Doa & Harapan,happy,happy
"Sudah waktunya memfokuskan niat kita serta dan meraih hati,, I love you sayangku dan mengizinkan getaran cinta itu untuk menghangatkan jiwa yang haus akan kasih dan sayang",Cinta & Romansa,love,love
"Saya serius, kalopun pak [USERNAME] nanti kalah, sy mending kalah sama yusril daripada sama prabowo Tapi kan gak mungkin kalah ya...hahaha [URL]",Kehidupan Sehari-hari,anger,happy
Apa tanggapan kalian tentang wanita yang bercadar? Kagum aja gt di era jaman now gue aja mau pake gamis susah bgt lah dia bisa bercadar gitu dilingkungan yg (ga jarang) ga mendukung dan nganggepnya teroris,Kegelisahan & Refleksi,sadness,happy
Baru seminggu menikah. Tapi rasanya bersyukur sudah memilih jalan yg Allah berikan ini. MasyaAllah dikasih abang yg sungguh pengertian dan mau nerima cia apa adanya. Sampai ga bisa ngebayangin kalau diganti orang lain.,Cinta & Romansa,happy,happy
"Dulu pernah depresi karena sering dihina oleh orang terdekat, suka dibully, broken home, dan minder serta punya hasrat sexual yang kelewatan tapi gak bisa nyalurin karena takut dosa. Kayaknya aja biasa aja tapi serius! Gak ada arah hidup. [URL]",Kegelisahan & Refleksi,sadness,fear
"Mau Ngucapin Happy Birthday yg ke 24 buat Nursehah [USERNAME], semoga berkah umur, murah rezeki, sehat selalu, makin rajin ibadahnya &amp",Doa & Harapan,happy,happy
kalau disaat-saat kaya gini rasanya gue kepingin banget tinggal di kampung ya allah :( di daerah gue udh ga ada adat istiadat sundanya huhu monangis,Kehidupan Sehari-hari,sadness,sadness
"[USERNAME] Kepada Yang Terhormat [USERNAME] [USERNAME] mohon untuk di kroscek pemesanan saya, nomor pemesanan. [SENSITIVE-NO], karna sudah 3 hari status masih di merchant. #MohonDiTindakLanjut !!!",Politik & Sosial,anger,anger
"[USERNAME] Pak kalo ga punya malu at least ngrasa punya dosa lah. Takut sama Tuhan heee Pak. Di jepang, koruptor langsung nebas diri sendiri pake samurai. Di Korea langsung sujud di depan khalayak umum mengundurkan diri saat itu jg gapake lama. Disini? Jd",Kegelisahan & Refleksi,anger,anger
"KENAPA GUA CINTA BANGET SAMA BANG WAWAN SEBAGAI ABANG GUA, YA KARNA DIA SALAH GAULNYA RATA"", SAMA KAYA GUA :"") BANYAK KESAMAAN JUGA HEHE",Kehidupan Sehari-hari,love,love
"Esensi tentang make up buat saya, selain happy liat wajah orang makin cantik, bisa dapat banyak teman dan sodara itu pasti. Jadi ngejalanin passion makin happy  *ceilah berat amat obrolan eike",Cinta & Romansa,happy,happy
"Keahlian cewek kalo udah sayang banget . Mempertahankan, . Memperjuangkan, . Menahan rasa sakit hati, . Sabar dan . Setia.",Cinta & Romansa,love,love
Saat itulah gue menyadari kekuatan emak dalam mendoakan anaknya. Dia emang pengen salah satu anaknya diranah kesehatan. Mungkin doa gue lebih manjur drpd beliau jadi gue keterima di Ekonomi dan meninggalkan poltekkes bekos gabetah for some reasons,Kegelisahan & Refleksi,sadness,happy
Tau dia di rs ku ucap lekas sehat mas(btw ku canggung chat sama laki laki yg lebih tua). 10 hari setelah itu dapat kabar kalau si mas masuk ICCU. Ku agak kaget tau kabar beritanya yg mendadak drop begitu..,Kehidupan Sehari-hari,fear,sadness
Ini justru bagus. Dengan ini semoga dangdut kita bisa menaklukkan asia tenggara. Nanti nya kita tidak hanya mengirim TKI tapi pedangdut. Yeay!,Doa & Harapan,happy,happy
Benny: nay kata orang-orang api itu panas Naya: ya iyalah ben.. Benny: tapi ada yang lebih panas lagi nay Naya: apaan itu ben? Benny: kobaran cinta aku nay... Naya: O in aja..,Cinta & Romansa,love,love
pantas saja jalan pada ditutup ada syuting di prj,Kehidupan Sehari-hari,sadness,anger
Adek kosan pinjem tupperware w (yg sebenernya akan w bawa pulang kamis ini). Sama dese diisi rendang trus dimasukin freezer. She just sent me to hell,Kehidupan Sehari-hari,sadness,anger
"[USERNAME] [USERNAME] Takut ulat juga?? Ternyata ku tyda sendiri :""( Aku padahal di kelas ada ulet di tas aku nangis malah diceramahin guru besok kalo jadi ibu mau gitu juga? Ya kan orang namanya takut ya sebelll bgt deh",Kegelisahan & Refleksi,fear,fear
Assalamu'alaikum warahmatullahi wabarakatuh. Selamat pagi. Semoga Allah memberkahi Jumat kita dan menganugerahi kita kedamaian hati.,Doa & Harapan,happy,love
"Lambat laun kok makin ga jelas dan semakin kurang ajar. Gw sabar. Jujur ya, gw ga pernah dan ga mau scr frontal maki org. Gw blg baik2, nasehatin. Scr adek2.",Kegelisahan & Refleksi,anger,anger
"[USERNAME] [USERNAME] Semua orang berhak bicara agama. Apalagi para koruptor, kalo ketangkep disidang langsung ganti penampilan, berjilbab, pake peci, pake baju koko dll. Maling mendadak religius.",Doa & Harapan,anger,anger
"ini bener bangett dulu awal2 masuk kerja, gaji blm seberapa perasaan ngrasa cukupcukup sj sm kebutuhan. sekarang napa masih kurang aja",Politik & Sosial,sadness,sadness
"[askmf] makin gue dewasa, gue semakin sadar, gue punya banyak temen, tapi disaat gue kesusahan, gaada yg semangatin gue cuy. malem ini gue khawatir bgt dan itu mengganggu tidur malem gue, but gue hanya bisa pendem dan makin terpuruk aja",Kegelisahan & Refleksi,fear,sadness
"Pernah ngalamin, kepikiran kata-kata buat ngetweet. Udah ngetik panjang-panjang, tapi cuma disave as draf? Takut ada yang tersinggung, khawatir ada yang salah paham.",Kegelisahan & Refleksi,fear,fear
[AskMF] jadi aku ini punya ganglion ditangan deket banget urat nadi:( awalnya aku kira tulang kegeser eh pas cari tau digugel itu tumor ganglion. Aku jadi takut. Ada yg pernah kek gini ga? Mau tanya dong:(,Kehidupan Sehari-hari,fear,fear
HUAAAAA JUJUUUUDD SAYANG BANGET AIH!!! AKU HARAP JUGA JUJUD JUGA JANGAN PERNAH NINGGALIN KITA!,Doa & Harapan,love,love
"#ygl aku takut perasaan ini semakin mendalam jika kita terus bersama, terlebih semenjak aku tau ada hati lain yang menunggumu juga hyung. Aku semakin takut. [URL]",Kegelisahan & Refleksi,fear,fear
Di kereta duduk sebrangan sama pasangan bapak2 dan ibu2 yang tidurnya pelukan terus dari Jogja sampe lewat Cirebon. Sampe Jakarta kukena sakit gula kaykanya :(,Kehidupan Sehari-hari,sadness,sadness
"Ya berkali kali Farah suka ingetin untuk engga diterusin. Katanya makin gue perhatian ke dia, makin sulit buat gue untuk lupain soal dia. Tapi nihya far, udh gue coba dr jaman kapan ahelah. Ujung2nya penuh risiko (re: suka kgn). Hmm pahit :(((",Kegelisahan & Refleksi,sadness,sadness
Sehebat-hebatnya pertengkaran adalah pertengkaran yg akhirnya baikan lagi.sama-sama sayang dan saling gamau kehilangan. #sahabat [URL],Cinta & Romansa,love,love
"betah di jogja? tp udah kaya kotamu sekarang bep, macet:( . location: pantai parangtritis #parangtritis #beach #yogyakarta @ Yogyakarta [URL]",Doa & Harapan,sadness,sadness
"Makasih yang udah kasih info buat ini. Lemah teles, Gusti Allah sing mbales. Kayanya mau ke Musium BI atau PRJ aja sesuai info [USERNAME] [URL]",Doa & Harapan,happy,happy
"Udah gak sabar nunggu perhelatan #InternationalGamelanFestival2018 . Solo sedang bersiap menerima kedatangan lbh dr 50 kelompok gamelan dari dalam & luar negeri, dlm pergelaran IGF 2018 yg diadakan 9-16 Agustus 2018",Doa & Harapan,happy,happy
Ketidak mampuan aku untuk tidak menangis dan memikirkan itu sulit.. sesulit menenangkan hati ini..,Cinta & Romansa,sadness,happy
"Sejak saat itu, kamar ku nggak ku kasih kursi (biar si doi ngga duduk dikursi belajarku). Kalo tidur lampu harus nyala, karena ya gitu takut kalo tiba2 si doi muncul pas remang2 gitu.",Kehidupan Sehari-hari,fear,fear
[USERNAME] Same gue bukan orang yang ekpresif susah buat ngungkapin perasaan padahal sangat bersyukur punya mereka dan gue sayang banget sama mereka entah itu keluarga/sahabat / pasangan,Cinta & Romansa,love,love
"Baca buku ini diawal senyum, ditengah-tengah senyum miris, diakhir senyum pasrah. Nuhun bung [USERNAME]#bukugariswaktu #fiersabesari",Doa & Harapan,happy,happy
"Malam ini ceritanya masih berbagi cerita dengan kawan lama semasa SMA,banyak sekali hal yang dibahas mulai absurb ,serius sampe percintaan ,serasa masih SMA padahal udah pada kerja tapi katanya umur boleh tua jiwa jangan,njay",Kehidupan Sehari-hari,sadness,happy
"Walopun lebaran msh lama nuansa maaf memaafkan sdh menyebar kemana2 .Td ke ATM,Katanya Maaf saldo anda tdk mencukupi. Gw coba telfon tmn ,eh operator jg minta maaf. Katanya Maaf pulsa anda tdk cukup utk melakukan panggilan ini #recehkantwitter",Doa & Harapan,anger,sadness
"Eheheheh ini apasih dari minggu kemaren tema semesta saya soal nikah. Ga kepemgen sih,tp ya kalo diliatin mulu soal yg begitu, kan saya jadi kepo........ternyata.....seru juga kalo diliat",Kegelisahan & Refleksi,happy,happy
"Aku sudah pernah memberi kesempatan kedua, lalu slalu berakhir sama. Cara meninggalkannya pun sama persis seperti dulu sblm ia kembali. Ternyata lebih baik aku tidak memberi kesempatan kedua pada siapapun.",Kegelisahan & Refleksi,sadness,sadness
"Jaman dulu fotografer masih jarang maen photoshop, foto yg banyak micin'nya banyak yg suka. Sekarang setelah banyak aplikasi photoshop yg semua orang bisa download free di hp, orang udah mulai mual lihat foto yg kebanyakan micin",Politik & Sosial,sadness,sadness
"tiap kali baca kisah2 zaman nabi, rasa jatuh cinta dgn semuaaaaa. mlm ni baca saidina umar dlm hati... ya allah saidina umar ",Doa & Harapan,love,love
"Tapi kalo ditelisik lagi...ya anjir harus siap ini itu bebet bobot bibit apanyalah kan sulit. Lulus kuliah aje beloman,mikirin gituan...terlalu visioner bung",Kegelisahan & Refleksi,anger,fear
"Aa, maapin neng suka ngomong kasar ma aa",Kehidupan Sehari-hari,sadness,sadness
aku cantik loh pacarnya acong jangan ganggu ganggu ya,Kehidupan Sehari-hari,happy,fear
"Jika kita berserah pada Tuhan, maka segala kekuatiran dan ketakutan kita akan diangkatNya, hidup menjadi lebih nyaman dan tenteram, sebab penyertaan Allah selalu baru bagi kita yang percaya dan mengasihiNya.",Cinta & Romansa,love,love
"Cinta akan selalu membuka pintu maaf ketika anda melakukan hilaf, cinta akan menjadi lentera dikala dunia menjadi gelap, jagalah cinta hingga pada akhirnya matamu akan terlelap.",Cinta & Romansa,love,love
"Menjadi tempat berkeluh kesah, teman cerita, teman makan. Bahkan sering lontaran ""kak ayok makan"" yang aku rindukan saat jauh dan harus menunggu waktu liburan untuk kembali jumpa menumpahkan rindu #HonorIndonesia",Kegelisahan & Refleksi,sadness,sadness
"Terima kasih Saling mengingatkan dengan yang baik, semoga menjadi berkah bagi kita semua",Cinta & Romansa,happy,happy
"Sharing pengalaman aja, kemarin jam 18.00 batalin tiket di stasiun pasar senen, lancar, antrian tidak terlalu rame,15 menitan dan beress semua! Mungkin bisa dicoba twips, di jam-jam segitu  cc [USERNAME]",Politik & Sosial,happy,happy
"[USERNAME] Kartosoewiryo itu seorang taat beragama dan mau bunuh Soekarno. Yang bunuh Sayyidina Ali ketika solat subuh itu seorang Hafidz Quran dan ahli fiqih, Ibnu Muljam. Sampai disini sudah jelas belum, bro?",Doa & Harapan,anger,anger
"Semoga sehat selalu, dan yg terpenting selalu sayang dan cinta ama [USERNAME], walaupun gw itu followers baru tp kita bisa saling kenal krn kita keluarga we are family I love you",Doa & Harapan,love,love
"Ya gini nih klo ada siluman bukber, fotonya kaga ada yang bener. Uda di sono paling lama, ditungguin sampe diliatin orang yang pada antre tetep aja anteng ngobrol ketawa ngakak. Ini nih pertemanan jastip terbhaiqq!",Doa & Harapan,happy,happy
"Sering terjadi ! Puasa bukannya badan makin kurusan malah makin lebar dan klimaksnya pas hari raya banyak yang tanya ""Sekarang gemukan ya""",Kegelisahan & Refleksi,sadness,sadness
"Jinhyuk menunduk, menatap sepatunya. Merasa takut untuk membalas permintaan sang puan. ""M-maaf, saya tidak membawa alat lukis saat ini..."" [URL]",Kehidupan Sehari-hari,fear,fear
"Jangan pernah membohongi mereka yang mempercayai kamu, sebaliknya jangan percaya kepada mereka yang berbohong ke kamu. #terjemahanbebas. (Pertanyaannya, kalau aku lugu gimana dong, kak? Aku nggak tahu dia bohong apa enggak. #jadigalau)",Kegelisahan & Refleksi,anger,sadness
"Karena kita kerap meletakkan seluruh angan dan harapan akan kasih sayang, bukan pada Sang Maha Pengasih, dan Penyayang. Itu sebabnya, tak habis-habisnya kita (merasa) dikecewakan.",Cinta & Romansa,sadness,sadness
bangun tidur langsung disuruh pergi tapi disuruh mandi dulu dan harus nyampe sebelum ashar ya bayangin aja bangun aja jam 3 -_- [URL],Kehidupan Sehari-hari,fear,sadness
"kamu lewat sedetik aja fokus aku langsung hilang, bikin sakit perut, kepala pusing juga. inituh gejala jatuh cinta",Kegelisahan & Refleksi,love,love
"Ngehe sekale, upload video dari jam 11 malem, jam 4 pagi baru terkirim. Ini pasti server nya tadi ketiduran, terus sekarang lagi bangun buat sahur -_-",Politik & Sosial,fear,sadness
Sedih ya di ig banya yg hate comment ke via vallen. Mungkin belum pernah ngerasain sakitnya sexual harasmen even itu bukan kontak fisik. Saya membayangkan diri saya sendiri dinilai segitu rendahnya aja pengen ngaplok orangnya. To be true aja.,Kegelisahan & Refleksi,sadness,sadness
"Jangan sengaja menghilang jika hanya sekedar ingin dicari,satu hal yang perlu kamu ketahui bahwa yang hilang tak selalu dicari tapi juga bisa diganti.",Kegelisahan & Refleksi,sadness,sadness
cayo! go go! hahaha tidak-semangat sangat :( a jenuh gila belajar sendiri di kamar -_-,Kehidupan Sehari-hari,sadness,sadness
yaa pokoknya aku sayang sama kamu serius gabohong. i love youu xeno,Cinta & Romansa,love,love
"Tertawa diatas kebodohannya itu luar biasa. Gak malu sama sekali dan mungkin urat malunya sudah putus. Sedangkan kita pasti mikirnya ""duh, malah ketawa bukannya mikir ",Kegelisahan & Refleksi,sadness,sadness
"Abis jengukin temen yg sakit parah. Terus terenyuh sama kata2nya, ""saya ga takut sama penyakit saya, saya cuma takut ramadhan saya ga dapet berkah"" Ya Allah  Mohon doa, buat kesembuhan temen kantor saya, Tb adriana Pramudya bin tb dasep. [URL]",Doa & Harapan,fear,sadness
"Waktu terasa lamban berjalan, di teriknya siang, perut yang menahan walau diizinkan makan. Gini banget ya, nggak puasa serasa lebih dari puasa sahur enggak temen kantor puasa semua.",Kehidupan Sehari-hari,sadness,sadness
"[askmf] aku maba. aku trmasuk orang yg susah cari temen. baru kmarin aku gabung sama grup fakultas pdhal grup itu udh ada sejak lama. aku bingung, gabisa ikut nimbrung ngobrol krn blm tau apa2. aku jd takut bsok gapunya temen. aku hrs gimana",Politik & Sosial,fear,fear
"Waallahu alam... saya gak mau sok tau, takut... ilmu saya masih cetek banget, jadi cukup 10 kesimpulan yang udah jelas ada di Al-Quran dan Hadits itu aja yang saya yakini, selebihnya Waallahu alam...",Doa & Harapan,fear,fear
"YAILAH GUA KIRA KERJA HARI INI TERNYATA TGL 7, TRUS UDAH DI TEMPAT KERJA BENGONG DONG KOK GEDUNGNYA DIPAKE GRADUATION, KAMPRET KAN W UDAH DANDAN",Politik & Sosial,sadness,anger
"Yg kemaren ngomongin sexual harassment siapa ya? Ternyata semalem bintang dangdut pujaan tanah air kena juga, sama pemain bola luar negeri terkenal yg main di Indonesia, Nah kalo ini yakin semua bakal belain mbaknya",Doa & Harapan,fear,anger
"saya dok, enggan menikah karena lebih mengutamakan karir dan pendidikan, terlalu takut dengan namanya rumah tangga takut broken lagi",Kegelisahan & Refleksi,fear,fear
"DONE!!  Kata Pak Suami biar tambah rajin belajar masaknya sa ae ah Btw tengkyuuu bosss adhe_khadoet besok lagi yaa, hahahaa",Doa & Harapan,happy,happy
"Polri minta tambahan anggaran 44,4 T..Gila ?! Lhaa nangkep pelaku yg nyakitin fisik Novel Baswedan aja sampee skg lhoo gak ada kabarnya,udeh dipenjara apa belom,.Nangkep para Koruptor juga gak tuntas, Koruptor itu Teroris Ekonomi,lebih parah akibatnya,rakyat sengsara bertahun thn",Politik & Sosial,anger,anger
ngotak ! tidak-usah pakai emosi :) egois bngst !,Kegelisahan & Refleksi,anger,anger
"[USERNAME] "" kok ga ada tempat dulu lagi sih "" Yauda kamu duduk di pangkuan aku aja "" ah aku malu. Ini kan tempat rame "" Uda gapapa kok / tarik tangannya / uda gini aja dari pada kamu diri diri kan "" ihh kok kamu ngeselin:( "" Yang penting aku sayang",Kehidupan Sehari-hari,anger,love
"Oh ya, sebelum gue cerita ke si Alda, dia udah bilang kalo mau dengerin cerita gue. Jangan khawatir sendirian. Dan yang gue dapetin, setelah gue cerita panjang lebar sampe DM nggak muat, dia bales dengan pertanyaan lagi, itupun singkat dan bikin gue merasa tersudut.",Kegelisahan & Refleksi,fear,sadness
"Hahaha..... Lha die gak ngomong2 juga tuh, saat orang minta foto karena ragu dia manusia apa patung aku sempet punya niat pencet hidungnya hahaha.... Tapi ketinggian.",Kehidupan Sehari-hari,sadness,happy
"Ustad radikal ya radikal tambah lagi disuap itu maunya dia terbukti 1T Rizik cabul dapat setelah kerahkan 212 yg tolol, sekarang pendukungnya cm bisa gigit jari dibodohi imam cabul kabur ke Arab.., makan tuh janji sorga. [URL]",Kegelisahan & Refleksi,anger,anger
"guys sorry kalo jorok/gmn kalian yg cewe prnah ga kalo haid tuh ada lend*r nya darahnya jd gumpal gt? Itu knp y? Aku tiap haid gitu masa trs biar ga gt gimana,takut serius",Kehidupan Sehari-hari,fear,fear
"Sebagai manusia aku bisa saja salah saat melihat manusia lain. Aku cuma sedang melihat diriku sendiri sebenernya. Jadi aku minta maaf ya shan, seperti yg biasa aku lakukan",Kehidupan Sehari-hari,sadness,sadness
"[USERNAME] memang childish alias kekanakkanakan mendekati bego yg overacting. Pelajari dulu Undang2 sebelum jadi pejabat. Jangan memalukan dong.. Tanggapi Pernyataan Sandiaga Uno, Pakde Karwo: Kritik dan Saran Pejabat Negara Harus Lewat Mendagri https://",Kegelisahan & Refleksi,anger,anger
"Pembukaan tidak pernah di AMANDEMEN CEBONG BUSUK ATAS BERKAT RAHMAT ALLAH YANG MAHA KUASA... LO BACA PEMBUKAAN UUD1945, DISITU SEMUA DASAR NEGARA R.I BONG20O MEMANG BONGAK",Doa & Harapan,anger,anger
"{MU} guys aku mau ngecat rambut, tp sebelumnya aku blm pernah ngecat rambut, mau minta saran warnanya apa ya? Tp jangan yg heboh2 aku takut kaget",Kehidupan Sehari-hari,fear,fear
"Beberapa kali ibu dan bapak nanya gimana kuliahnya, karena mereka tahunya harusnya semester ini saya sudah masuk di semester 7. Tapi bersyukur mereka bisa diajak kompromi, paham apa yang sedang saya alami.",Politik & Sosial,happy,happy
"Cinta yang sesaat akan berKata, Aku mencintaimu karena aku membutuhkanmu, tetapi makna sejatinya akan berKata, Aku membutuhkanmu karena aku mencintaimu",Cinta & Romansa,love,love
"Sosok jyoti itu apa? Knp gua bisa jadi secret admire lu? I like your ""typing"",bener kata orang klo lagi bucin apa aja di sukain. Tapi serius gua suka ngestalk lu karna typing lu ke orang orang",Doa & Harapan,love,love
"alasan utamanya karena aku pengen 'mereka' jadi kado sweet 17th aku nanti. itu udh lebih dr cukup buat aku. selain itu, aku jg pengen ketemu mereka sblm mereka pulang ke rumah masing-masing",Kehidupan Sehari-hari,love,happy
"[USERNAME] [USERNAME] Jadi mayoritas pun juga hasil paksaan , bukan atas keinginan sendiri. Memang benar banyak yang dipaksa agar terlihat mayoritas. Jika tak mau jadi mayoritas, maka bakal dipersulit [URL]",Kegelisahan & Refleksi,anger,sadness
"Masi belum move on dari poto poto ini. Ceritanya lagi nyobain face filter hengpong syanggih punya diajeng Astri Eka Pertiwi (gada orangnya, gausah dicari)",Kehidupan Sehari-hari,sadness,happy
"Sabar yah sayang, ada waktunya orang orang itu dapat balasan. Ill make sure theyll get it. Dont hide ur smile, dont give me fake smile, everything gonna be okay [USERNAME] [URL]",Doa & Harapan,love,anger
"Jika sayang orang tua, taati Allah, maka orang tua kita akan dihappyi Allah, disayang Allah, itulah sebenar-benar balasan kita pada orang tua #JumatBerkah",Cinta & Romansa,love,love
"cinta itu aneh, semakin kamu berusaha menghapus dia dari hatimu, semakin sering dia muncul di pikiranmu.",Cinta & Romansa,love,love
"Efek pintu tol slipi arah semanggi ditutup, macet parah di sini. Pak polisi bukan ngatur malah jagain jalur busway [USERNAME] [USERNAME] [USERNAME] [URL]",Politik & Sosial,anger,anger
Muslim. Laki. Nyantai merokok dan makan di siang hari bolong ramadhan dan di tengah keramaian pula. Positive thinking saja. Mungkin dia lagi PMS,Doa & Harapan,happy,anger
"Dilema baru : Pengen ikutan reuni SMA, tapi gak pengen bikin janji juga, tapi klo diem2 aja dikira gak kangen ma temen2 lama, tapi klo beneran gak bisa dateng yg mana bukan kemauan gw, gw bakal dikucilkan di kelex dan dicap tukang PHP",Politik & Sosial,sadness,sadness
Aku tidak mampu... Mencegah hatiku untuk tidak terus merindukanmu.. Meski aku sadar bahwa rasa rindu ini hanya akan membuatku bertambah sakit.,Cinta & Romansa,sadness,sadness
Jika hati gw udah kecewa apa lagi sampai sakit hati begini loe blok gw ehmmm jangan harap gw mau knl loe lagi loe dm ribuan kali gak gw ladenin pengen taunya gw knl loe dan rasain gmna chat gk di buka buka atau gak di bls ,Kegelisahan & Refleksi,anger,anger
"Terimakasih ibu ,sudah mengajarkanku membagi cinta kasih untuk orang lain . Tanpa memandang dan membanding . Dan itu semua berjalan dengan baik seiring dengan doamu. Kubalas semua dengan tangis haru dipipimu nanti .",Cinta & Romansa,love,love
diluar sana nona-nona lagi sibuk menyeleksi calon pendamping hidupnya dan lo masi berharap sama yang ga pasti?? goblo ko sampe ke DNA si? yagimanayak~,Kehidupan Sehari-hari,sadness,sadness
"lucu sih kenapa ada pasangan yg masih tukeran pass ig . dimana komitmen kalian yg ada embel2 "" kepercayaan"" apa pasangan kalian tukang selingkuh? HAHA ciyaaaaan",Kehidupan Sehari-hari,anger,sadness
"Setiap perempuan cantik dengan caranya sendiri, tidak perlu dipuji apalagi merasa tersaingi. Mulailah dengan mencintai diri sendiri.",Cinta & Romansa,love,love
"Awalnya di bio ig dituliskan every picture has a story dan aku mulai merenungkan kayaknya engga deh, emang di balik foto selfie ada cerita apaan. Oke berarti harus di ubah berarti menjadi berisi cekrekan teman dan cekrekan sendiri. Sip",Kegelisahan & Refleksi,sadness,happy
[Kartu 1 pria thd wanita] : sikapmu skr baiknya tinggalkan dia karena dia merasa lbh pintar darimu dan lbh dr segala2nya yg km miliki. [URL],Cinta & Romansa,anger,sadness
"Aku dong pernah ditolak sama: -CARGLOSS -NUTRIFOOD -PROPAN -BI -FORISA -BERLICO -CANTIK JELITA (ini yg paling sakit krn cuman masalah shift yg belom tentu ADA) Aku tabah kok, Tuhan.",Kehidupan Sehari-hari,sadness,sadness
AWW THANK YOU AININ SAYANG . AAMIIN MOGA MOGA DIPERMUDAHKAN I love you even more  hahahahhaa okey I'll change right now !!! Hehehehe thank yiu againss,Doa & Harapan,love,love
niruin sistem sekolah lain tidak-kreatif amat jadi sekolah terlalu norak sih ya apa2 selalu pakai ungulan baru ngeliat ungulan ya hahaha,Politik & Sosial,anger,anger
"Eh pas seminggu nunggu, pak tiki ngga sampe2 dong:( Aku takut salah nulis alamat. Salah nulis nomer rt/rw bisa nyasar di rumah orang:( Sampe curiga ke tetangga sebelah, katanya doi dikirimin hp tapi gatau dari siapa. Aq parno itu hp hadiah aq:"")",Kehidupan Sehari-hari,fear,fear
Kenapa ya akhri akhir ini w lagi takut mati dan di tinggal mati,Kegelisahan & Refleksi,fear,fear
"[USERNAME] [USERNAME] [USERNAME] Begitulah mereka. . . Benar kata pepatah ""kemarau setahun dihapus hujan sehari"" Miris sekali negeri ini. . . Sebegitunya demi kepentingan tertentu. . .",Kehidupan Sehari-hari,sadness,sadness
benar sekali terutama menyebrang di Jalan Margonda. Dari kelapa dua - pertigaan Juanda mungkin hanya ada 3-5 zebra cross. Motor-mobil semuanya ngebut sehingga jadi takut kalau nyebrang. Sekalinya nyebrang malah jadi khawatir kendaraan ngerem mendadak,Politik & Sosial,fear,fear
"Ingat, Hepatitis berpotensi timbulkan dampak morbiditas dan mortalitas. Termasuk penyakit kronis dan silent killer. Serem, kan...?",Kegelisahan & Refleksi,fear,fear
"Kita mencocokkan jadwal setelahnya. 'Besok ujian jam 2, minta soalnya ke mba yuyun ya' kata beliau. Alhamdulillah ya Allah leganya. Ndak perlu reschedule :') Saat sudah fix, kita keluar lalu salim tangan si bapak. Berterimakasih bangetlah ini.",Kehidupan Sehari-hari,happy,happy
"memasuki tahun ke 4 menunggu seseorang, eh ada yang lain dateng tapi ga tanggung jawab sama kelakuannya... besok kalo keluar2 pake rok aja mas",Kehidupan Sehari-hari,anger,anger
"Namanya juga perasaan, gabisa dibohongin, karena biasanya yang bikin jatuh cinta dan yang bikin nyaman itu orangnya beda, cewe sama cowo misalnya :) Selamat sore, jangan lupa minum :) Minum yakult tiap hari [URL]",Kegelisahan & Refleksi,love,happy
"Selalu takut kalo private chat ke dosen. Takut kesalahan beberapa tahun lalu keulang. Salah kirim selfi ke dosen, niatnya buat gendakan q malah kekirim ke dosen:& posenya gabanget pun mecucu mecucu minta dikasih nilai C bgt pokoknya.",Kegelisahan & Refleksi,fear,fear
"Semoga Lebaran tahun ini banyak memberikan kegembiraan, ungkap Menpar antusias dan dengan harapan tinggi akan program ini. #BazarPesonaMudikLebaran #genpiTNG",Politik & Sosial,happy,happy
"Coba cari terus siapa tahu ada yang kecebur jatuh , atau terperangkap didalam gua , karena guanya gelap & banjir jd licin bs ajach kepleset",Kehidupan Sehari-hari,fear,fear
"gue sayang sama mereka karena mereka nerima gue apa adanya, jelek baiknya gue. dan mereka tuh no drama. anti banget malah. di saat oramg lain berantem sm temen mereka masing2, kita sama sekali ga ada masalah. dan percaya atau engga we never fight.",Kegelisahan & Refleksi,love,love
"Mrk mo ceritain apapun ttglo... toh mrk sbnrnya buka aib dirinya sendiri yaitu : IRI dan ngga mampu pengen jd kyk lo So, focusing on your path... biarin anjing mengonggong, haters mengonggong",Kehidupan Sehari-hari,anger,anger
"Goblok amat si :( Nemu wrp jaman dulu, dah di seduh trs di tambahi susu coklat. Dah di minun smpe abis. Iseng liat sachetannya eh pas di liat wrpnya dah EXPIRED. Wth, are u fucking kidding me?!",Doa & Harapan,anger,sadness
[AskMF] kenapa ya gua takut banget kalo mau ngmg atau muncul di grup gituuuu. Bener2 panik gituu kalo harus muncul di grup. Gimana cara ngehilangin nya ya,Kehidupan Sehari-hari,fear,fear
 yg mau turun gunung.. jawab dulu nih .. diem diem bae,Kehidupan Sehari-hari,anger,anger
"[USERNAME] [USERNAME] musuh dlm selimut.Hati2.Penghianat.Sampai dunia kiamat,tetap penghianat.Jahat. [USERNAME] [USERNAME] [USERNAME] [URL]",Kegelisahan & Refleksi,anger,anger
"Tidak sepakat, dan anda [USERNAME] sudah menyesatkan orang lain. Memang dilarang sholat di dalam bangunan yang didirikan untuk kekafiran (salah satunya gereja). Makanya jangan kebanyakan nonton mak lampir. Aku berlindung kepada ALLAAH",Kegelisahan & Refleksi,anger,anger
"[USERNAME] Amin, Punten Pa, ada issu miring terkait rencana pertemuan (buka bareng) dgn kuwu-kuwu serta Rt/Rw di-kecamatan ciwaringin sore nanti bertempat dirumah bos buah depan RS Sumberwaras...",Doa & Harapan,sadness,fear
Peredaran hoax atau kabar bohong di media sosial bisa semakin parah jika dibiarkan. Netizen harus ekstra hati-hati dalam mengkonsumsi informasi dan menyebarkannya kembali. [URL],Politik & Sosial,fear,fear
Warga DKI yang dimintain THR gak usah pada ngedumel ngapah.timbang setaon sekali aja juga dimintainnya.lgian kayaknya itu suka rela deh.gak dipatok harus sekian-sekian. Parcaya deh rezeki anda akan semakin mambah ,Kegelisahan & Refleksi,anger,anger
"Dear sender menfes ini, dm aku terbuka banget kok :') ayuk cerita ke aku.. Aku mau kamu berbagi juga sama aku, kamu nggk sendiri. Aku sayang kamu",Cinta & Romansa,love,happy
"Beda sama gue yang ada tugas dikit ngeluh, males-malesan kuliah, ujan dikit ga masuk. Kalau liat mereka bawaannya pengen nangis, bisa ya mereka tinggal di lingkungan yang maaf kumuh bisa sekolah aja udah seneng banget",Kegelisahan & Refleksi,happy,sadness
"Yakin, bahwa semua yang kita amalkan kita berikan sama orang lain (sedekah) akan ada gantinya. Bismillah, ikhlas.. semua yang disimpan terlalu lama tidak baik, bagi sedikit hartamu untuk orang yang membutuhkan. Karena hidup bukan melulu tentang harta.",Politik & Sosial,happy,happy
"Wah habis kegiatan yah. Hati"" dijalannya yah. Iya udah di rumah ini siap utk istirahat. Km jg istirahat yg cujup yah, cicil tidur di mobil aja ge... Hehe ",Kehidupan Sehari-hari,happy,love
"Pasti km akan berpikir bagaimana cara menggantiku kelak. Tapi kumohon. Sesuaikan lah gaya hidup dengan kondisi. Aku ikhlas membantu. Ini untuk kelanjutan mu kelak. Disaat aku tak punya apa"" untuk membantu",Politik & Sosial,sadness,sadness
"Bagimana jika, ketika kamu merasa bahwa yang kamu dapatkan sekarang benar-benar untukmu, kamu mendapati dia yang pernah kamu cinta dalam diam, ternyata juga mencintaimu, dalam diam.",Cinta & Romansa,love,love
Kok banyak yaa di kabupaten w anak muda yg mendaftar caleg apa mereka bisa mewakili aspirasi rakyat padahal tempat nongkrongnya di cafe/restoran mewah bukan warung di tengah kampung,Politik & Sosial,anger,fear
#workshop di bulan Ramadhan. Semoga otak gue nyantol sm Permendikbud2 dkk. Kurtilas ih kurtilas. Ternyata seperti ini. [URL],Kegelisahan & Refleksi,sadness,sadness
"Gak jamin deh. Tapi gemana pak Police [USERNAME] , siap gak kerja tanpa pungli dan sejenisnya. Korup, pungli itu bagai addicted. Sekali nyoba, keenakan. Nambah lagi deh. #generasiantikorupsi",Politik & Sosial,anger,fear
"Sudah survey ke beberapa cewek yang bilang ""cowok itu omonganya ga bsa di pegang"" ternyata mitos gaes!! dan sekarang si cewek itulah yang begitu. Jadi, yang tidak bisa di pegang omongannya siapa? Coba kita survey untuk yang ini . Apakah sama atau berbeda? Ku rasa pasti sama",Kegelisahan & Refleksi,anger,anger
"Awak sih jd org slow, mau di omongin a to z asal ale bnyk makan, ngga cranky, berat naik udh bahagia. Mslh apapun jd kyk ngga ada. Ibu2 bgt sih skrg",Kehidupan Sehari-hari,anger,happy
"Duh...kok sedih yah, naikin berat badan susah tp turunnya mudah bgt puasa seminggu turun 6kg lebih, apalagi sekarang udah puasa ke20an. Celana melorot semua. Ya Allah doaku semoga abis lebaran nanti aku dikasih gemuk kyk ayam negri ... Aminnn... #RecehkanTwitter #kapangemuk",Doa & Harapan,sadness,sadness
"Kemarin buku #TSYGMC ini sempat di-twit oleh Mas Agus Noor untuk tagar #bacabuku-nya. Seneng gitu liatnya, biarpun gue anak murtad dah sejuta tahun lamanya ga nulis fiksi  #WorkshopCerpenKompas2014 [URL]",Kehidupan Sehari-hari,happy,happy
sudah berapa kali delcont2nan masak iya mau delcont2nan lagi biar tidak-saling gangu lagi mirip anak kecil saja :o,Kehidupan Sehari-hari,sadness,anger
Min [USERNAME] info perka pagi kereta langsir di THB donk.... jadi pnp [USERNAME] bisa antisipasi di stasiun sebelumnya.jangan pas di tengah sinmas ditahan 15 menit buat nunggu langsiran KAJJ,Politik & Sosial,fear,anger
Pertama kali nya komen di ig yg org2 lagi pada debat...gils sok iye bgt sih guee. Ngeri di nyinyirin balik sama org aja nih woy. Pegangan gue cuma #cmiiw ajalah udah (sama Allah juga deng),Doa & Harapan,fear,fear
Akhirnya kita langsung pada bingung saling tatap-tatapan muka gitu. Merinding dan pastinya takut bangeeeeeettt. Akhirnya ga pikir panjang lariiiiiiii dah kita semua.,Kehidupan Sehari-hari,fear,fear
Kan aku sayang kamu,Doa & Harapan,love,love
"Tau aja urang paling lemah kalo berhadapan sama si nadia sayang banget akutu ga bisa nolak maunya bocah satu itu, nad im gonna miss you so badly",Doa & Harapan,love,sadness
"gue juga gak ada masalah dengan Gitasav ngomong tentang sexual harassment-nya dia, yang jadi masalah ketika dia bales DM-nya Helmi. She's rude.",Kegelisahan & Refleksi,happy,anger
Sampe kemaren liat di timeline ada bapak bapak eskrim kesana juga buat ngasih eskrim ke penyelamat yaa pokoknya buat yang ada di sana gt:') [URL],Kehidupan Sehari-hari,happy,happy
YA TUHAN.. SELALU DAN SELALU KALAU LIAT DIA BEGINI LAH GUE IKUTAN SENYUM2. I LOVE HIS GUMMY SMILE SO MUCH!!!,Cinta & Romansa,love,love
"[USERNAME] [USERNAME] ditunggu drama selanjutnya, kalo perlu pakai jasa bocah yg masih polos, orang lanjut usia, fakir miskin, plus adegan peluk dan tangisan..",Kehidupan Sehari-hari,happy,sadness
"Bersama segenap dewan guru.. Terimakasih telah membimbing anak kami selama ini, Bu.. Semoga ibu-ibu semua dimudahkan segala urusannya, dan ilmu yang ibu ajarkan menjadi amal jariah yang pahalanya akan terus mengalir ke ibu, selamanya.. [URL]",Politik & Sosial,happy,happy
ih wowo saya pemaf kok tapi maaf saya pendendam tidak-ush minta akun kalau bwat di delcon picik otak lo!,Kehidupan Sehari-hari,anger,anger
"Life style Perubahan gaya hidup, pola makan utamanya, yang santai dijalani membunuh tanpa disadari. Konyolnya mayoritas gak peduli. Nanti kalau sakit desperate nyalahin genetik atau faktor X [URL]",Kegelisahan & Refleksi,sadness,sadness
"Jangan ngomong, ""kamu harus gini biar kamu sukses."" Itu kayak mau masuk SMA, kamu pengen ambil jurusan IPS, tapi dipaksa masuk IPA. Jadilah kamu anak yang salah jurusan. Rasanya gimana? Gak enak.",Politik & Sosial,anger,anger
"Kartosoewiryo itu beragama dan mau bunuh Soekarno. Yang bunuh Sayyidina Ali ketika solat subuh itu seorang Hafidz Quran, Ibnu Muljam. Sampai disini sudah jelas belum, bro? [URL]",Doa & Harapan,anger,anger
Bahahahahajahahhaaa penyakit emanggg udahh wkwkw tahan aja ampe agustus lisa dtg kekokas niatnya liat lisa ngeri ujungnya kemana mana,Kehidupan Sehari-hari,fear,happy
"sukadeh sama temen yg ngetweet konten2 yang ""berwawasan"" , apalagi di dunia nyata bisa share ilmu... ",Politik & Sosial,happy,happy
"Lisa, semoga aja kamu ga denger berita ini ya, kalopun mendengar udah cukup kamu tau aja dan jangan sampai kamu ketemu yanglek, bahkan ngeliat sedikit pun jangan. Itu bakalan serem banget.",Kehidupan Sehari-hari,fear,fear
"aku tak' ingin menggenggammu seerat itu, jika kau adalah sebuah harapan, akan kusederhanakan dengan caraku meminta kepada TUHAN... [URL]",Cinta & Romansa,sadness,love
[USERNAME] dikasih minyak tawon gitu perhari nya nanti dibiarin sampe mateng nah kalo udah baru tuh diletusin biar darah kotor nya keluar semua gitu ngeri....,Kehidupan Sehari-hari,fear,fear
"[USERNAME] Disaat gue sedih, lo ada buat gua. Disaat gue susah, lo ada buat gua. Disaat gue terluka, lo juga ada buat gua. Emang bener lo itu pembawa sial anjg!",Kehidupan Sehari-hari,sadness,anger
"Tidak ada maksud untuk melemahkan negara Islam secara umumnya, tapi persatuan bangsa Islam kapan terwujud, dan saya melihat yg Turki dengan Erdogan nya sudah berbuat, tapi belum cukup, saya sebagai seorang Muslim melihat nya keterlaluan yang di perbuat Israel laknatullah, [URL]",Kegelisahan & Refleksi,anger,sadness
seluruh hidup saya. saya dedikasikan dan saya peruntukkan sebagai contoh untuk dia. bahkan saya rela mengubur mimpi saya dalam dalam demi bisa memperjuangkan cita cita nya kelak. saya tidak mau dia merasakan sulitnya hidup seperti apa yang saya sudah lalui. hanya itu,Kegelisahan & Refleksi,love,love
rambutnya yang telah dan semakin memutih. Dan badannya serta lengannya tak lagi kuat untuk menjagamu dari bahaya. Papa telah menyelesaikan tugasnya.,Kehidupan Sehari-hari,love,love
"Ya begini deh nganggur di tempat kerja karena udah selesai. Berakhir dengan *cuat - cuit* di twitter Mau ghibah sama mbak - mbak, sungkan lagi puasa. Ehe *tiga jam kemudian dia pasti ngajakin ngomongin orang kok* *kebiasaan* *banyak istighfar*",Kehidupan Sehari-hari,anger,sadness
"Smp era 80an dikenal Bangsa Pemalu, 90an muncul virus ""TAK TAU MALU"" dan berkembang hingga kini menuju jd Bangsa yg Memalukan, Tertangkap krn Kriminal malah bergaya Selebritis didepan Kamera. BPIP Harusnya mampu basmi Virus ini, apakah anda sudah merasakan hasil kerja BPIP ??",Politik & Sosial,sadness,anger
[USERNAME] [USERNAME] [USERNAME] Ya kalau ada bukti kuat percobaan utk makar atau menggulingkan pemerintahan yg sah maka siapapun bisa di proses hukum...,Politik & Sosial,anger,fear
"Bingung masih bisa nyalahin perempuannya.. Mau dia bule kek, mau dia apa kek, kalau attitudenya baik ga akan begitu..Mana ga kenal pula.. Perempuan, nyalahin perempuan.. Lelaki brengsek hanya tertawa, lalu mengulanginya kembali.. Org2 yg nyalahin Via Vallen ini fix yg brengseknya",Kehidupan Sehari-hari,anger,anger
"di kawasan Puja Mandala, Bali, kita dapat melihat lima bangunan peribadatan yang berderet, mulai dari Masjid, Gereja Katolik, Wihara, Gereja Kristen Protestan, dan Pura. 5 agama sekaligus, bukti tempat ini layak dinobatkan sebagai ikon toleransi Indonesia [URL]",Doa & Harapan,happy,happy
"[USERNAME] jago masak, tmn2 gue suka bgt sm masakan mama wkwk, pengertian bgt, paling enak curhat tuh sama mama, pekaa bgtt selalu tau kl anaknya lg kenapa2, gapernah ngekang, jaranggg bgt marahin gua tp kl adek yg cowo malah dimarahin trs wkwk. Sayang b",Doa & Harapan,love,love
[USERNAME] Saya mau tanya apa bener UN tahun 2018 untuk jenjang SMA sederajat akan di adakan ulang ? Banyak berita di luar sana bahwa akan ada remidial UN pada bulan juli mendatang . Mohon kejelasan nya .. Terima kasih [USERNAME] #FaktaAtauHoax,Politik & Sosial,fear,fear
"makin lama kenal, a makin suka dengan lelaki ini. makin lama makin sayang, sampailah last sekali si a ini bercinta dengan lelaki itu. lelaki itu pun baik (according to a) seorang lelaki yang penyayang, soft spoken memang taste a lah.",Cinta & Romansa,love,love
[USERNAME] [USERNAME] Ituh cewe disakitin begitu aja masih bertahan dan tak melawan apalagi melaporkan. Terlalu mencintainya kah? Postingannya ja begini. [URL],Kehidupan Sehari-hari,sadness,sadness
"#OldMoneyGaNgerasain kalo tlp pake hp paling lama 2 detik, krn sblm 2 detik msh gratis, setelah 2 detik baru kena pulsa. tut tut halooo dmn? (matiin tlp) tut tut (angkat tlp) drmh (matiin tlp) Trus aja begitu sampe eneg....",Doa & Harapan,anger,happy
haaaa syabar ajaaa... beloman waktunya buat ikutttt... pemerintah ajanihhh yg ketumbenan ngasih liburnya kepanjangaaannnnnn :((((,Doa & Harapan,sadness,sadness
"Dunia semakin lama semakin banyak tantangan yg bikin stres.. tp sbenarnya obat termanjur dikala gundah melanda adalah nelfon Bapak Ibu dan bilang ""doain aku yaa"" kemudiam sebaik2 jawaban adalah ktika mereka blg : ...",Kegelisahan & Refleksi,sadness,love
"Jiyeeee jiyeee, jeng Domi abis menang lawan Kei langsung di sambut hangat girl friend Kimlad. Halaaah sandiwara [USERNAME] [USERNAME] [USERNAME] [USERNAME]",Doa & Harapan,happy,happy
Dr dulu suka gemes sndr tiap abang maen game maapin ya klo maminya sering ikutan nimbeung ya bang #cinta #kiddos #play #games,Kehidupan Sehari-hari,love,love
"My reaction : ""ASTAGFIRULLAH INI ANAK SIAPA GANTENG BANGET BGST, SUARANYA JUGA BAGUS, LAGU NYA JUGA BAGUS, NADA NYA PAS BGT DITELINGA GUE. WOEE GUE LUV BANGET SAMA BTS SUMPAH!""",Doa & Harapan,love,love
AAAAAK SUKA BANGET. feel sehabis nonton sama kayak the greatest showman. ikut nyanyi pas dancing queen dan mamma mia. dan dancing queen yg ini jauuuuh lebih asik drpd yg versi meryl streep di film pertama hehe. RASANYA MAU BALIK NONTON LAGI,Doa & Harapan,happy,happy
bagi yang dulunya usaha terus skrg jd karyawan macam gue pasti bawaannye pgn usaha lagi . ga ada yang ngatur .flexible. lbh banyak duit. faaak,Politik & Sosial,sadness,anger
[USERNAME] [USERNAME] Ooo... kl berisik emamg mendingan d sumpel si.. kl d kntr gw sepi bgt ki... jepangnya jg g doyan dgrin lagu.. jd mau g mau pk sumpelan kita.. bosen abisnya..,Doa & Harapan,sadness,anger
"Mohon [USERNAME] segera Perintahkan MENKES utk menambah Ruangan Khusus ""Sakit Jiwa"" pd stiap Rmh Sakit. Sbab, Tdk menutup kemungkinan USAI Pilpres, stiap Rumah Sakit akan DIBANJIRI Pasien Sakit Jiwa. Saat ini aja semua pd STRESS.",Politik & Sosial,fear,anger
"[USERNAME] anda darimana ? maukah walikota anda keluar dari a.c di bonceng motor traika, dateng ke lokasi BOM. KALAU GA PUNYA JIWA BONEK, GA MUNGKIN MAU. ANDA MENGKRITIK DPR MPR TAPI TANGAN ANDA MENJABAT MEREKA, DAN TUBUH ANDA MEMBUNGKUK PD MEREKA AG",Kehidupan Sehari-hari,anger,anger
Cita-cita Kecil: petani Lulus SD: dokter/apoteker Lulus SMP: perawat/psikiater/fashion desaigner Lulus SMA: ahli gizi/desainer interior/ahli desain grafis. Lulus kuliah: semua cita cita terkabul,Politik & Sosial,happy,happy
"w suka heran ya sama bapak bapak, abang abang, yg makan siang dirumah makan dikerumunan orang banyak saat bulan puasa. rasa malu nya dimana itu lho",Kehidupan Sehari-hari,fear,sadness
"BTW, salut dengan siapapun yang bikin ad Tokopedia yang cerita masa lalu seseorang tentang nabung buat makan udang. Dengan narasi yang cukup simple tapi bisa langsung ngena ke gua emotionally. Well done",Kehidupan Sehari-hari,happy,happy
sampe sekarang aku udah ngga bisa peka lagi kalo di deketin cowo. sampe aku insecure sama cowo aku ngerasa kaya hati aku udh rusak buat jatuh cinta lagi,Kegelisahan & Refleksi,sadness,sadness
"Baca DM saya, scroll message di tgl 4juli, saya sudah kirim bukti resi untuk pengembalian ongkir. Tolonh dong sistemnya di perbaiki jgn tanya terus2an pdhl sya sudah kasih data lengkap",Politik & Sosial,anger,anger
"[USERNAME] Tapi suka ku :( inya tu dingin orgnya, tapi sayang bnr sebujurnya lwn ina :( nah hiih kena ina tuh lawan buhan gembel tampan tu aja na wkwk",Kehidupan Sehari-hari,love,sadness
"Selamat kamu dapat kuota dari [URL] , wahhh, itu sangat berharga yaaaa #dapetin ucapan itu selain ucapan selamat kamu cantik jadi selama ini dia jelek",Doa & Harapan,happy,happy
"tentang muhasabah. mau sebegimanapun amalan kita dalam satu hari kesimpulan muhasabahnya harus sama yakni ""amalan kita masih terlalu sedikit dan dosa kita masih terlalu banyak""",Kegelisahan & Refleksi,fear,sadness
W blg ke bude w bahwa w sangat takut. Lalu diusirlah kucing2 itu. Dan di luar rumah sepupu w sdh siap menggendong si kucing. W hanya bisa nganga dan membatin yaAllah semoga masa depanku tidak hrs berhubungan dgn kucing,Kehidupan Sehari-hari,fear,fear
"Ya emang , selangkangan sm otak situ aja yg ngeress Ada juga yg katanya habib , imam dsb juga ngelakuin chat sex dsb Identitas agama tidak menjamin kamu tidak menyukai sex , catcalling dsb, meski udah menikah yg melakukan penyimpangan sex jg banyak ( selingkuh )",Kegelisahan & Refleksi,anger,anger
"Mereka bergurau canda,w tepar,trs plg naik gojek ampe rmh,pantat w tepos,jauhnya bks ujung ke ujung. But, aku bersyukur msh bs ngumpul sm tmn2, bnyk pelajaran u/hari ini: 1. Bersyukur 2. Harus teliti jgn terburu2, 3. Istirahat yg cukup",Kehidupan Sehari-hari,happy,happy
"[USERNAME] tolong aplikasinya diberesin. Saya tadi pesan, katanya server error. Eh muncul 4 taksi. Khan kasian drivernya, saya musti cancel.",Politik & Sosial,anger,anger
"Karena dialog ini, semalaman aku merenung, apa iya masih ada Tuhan? Kalaulah ada, apa iya masih ingat dengan janjiNya untuk membuat kiamat? Apa iya Tuhan peduli pada Indonesia? Apa iya Tuhan peduli padaku? Kukira tidak!",Doa & Harapan,sadness,sadness
"Ade : mas udah makan? Gw : (wah tumben nanyain) belom, makan aja duluan Ade : maksudnya kucingnya udah makan apa belom Gw : et lu liat aje sono tempat makannya. Memang memang",Kehidupan Sehari-hari,sadness,anger
"Seperti katak dalam tempurung, kepercayaan tinggi terhadap hegemoni ilmu sains dan teknologi sebagai solusi pragmatis apolitis dari beragam permasalahan di Indonesia, adalah bentuk dogma atau ideologi Sila google 'scientism' Sila google 'arogansi alumni ITB' Eh",Politik & Sosial,sadness,sadness
"Alhamdulillah wa syukurillah, puji syukur ke hadirat Allah SWT atas limpahan rahmat dan hidayah-Nya kita masih diberikan waktu dan kesempatan untuk berbagi bersama teman2 yatim piatu di bulan Ramadhan dalam acara #MisezbogorOnRamadhan yang berlangsung pada hari minggu kemarin. [URL]",Doa & Harapan,happy,happy
[USERNAME] Akhirnya malu kan bila dipermalukan. Etika itu penting dalam berbagai aspek kehidupan. Rakyat semua tahu setelah ada sanggahan dan petunjuk yg terlontar. Jangan merasa bersih jika tdk bersih.,Kegelisahan & Refleksi,anger,anger
Ini pas banget! Gue habis baca buku ada bule PDKT bilang cariin rumah sama.mobil. dicariin mobil sama rumah mewah si bule Ok dan niat kirim uang sekitar $100jt tp pake pos. Bilang sama hadiah lain. Tp gak masuk akal kirim yang sebanyak itu pake pos [URL],Politik & Sosial,anger,fear
"Seni dari demokrasi yah bisa saling mengkritik dan mempatuahi, mau sekarang beliau presiden, sekjen PBB atau siapalah. Gamau dikritik? Mati ajah mungkin disurga kamu damai akan kritik, tapi masih mungkin yah belum pasti. Ha.",Kegelisahan & Refleksi,anger,anger
Bahkan tiap kali liat Mino ketawa senyum disini jadi ikutan senyum tau. Semangat Song Mino. We will always be with you,Doa & Harapan,happy,love
"Pernah baca katanya emang ada oknuum yang bikin kebakaran. Terus kalau pemadam kebakarannya dateng, malah dihalang-halangin. Serem-serem ibukota serem... :((",Kehidupan Sehari-hari,fear,fear
"Contoh mereka yg gemar menyudutkan, teriak paling toleran tp gemar menuduh, gemar men-judge seseorang berdasarkan versi mereka. Cukup tau saja.",Kegelisahan & Refleksi,anger,anger
"with THE Girlfriend~ Maaf bang, dipinjem dulu si eneng. I need my long overdue dose of ""lexyness"" #dinnerdate ",Doa & Harapan,happy,happy
"semoga husnul khotimah, Do'a untuk saudara kita ""Ali Banat"" dan saudari kita ""Razan An-Najjar"" dalam memperjuangkan Agama Allah. Surga menanti  #FreePalestine #DeenAssalam",Doa & Harapan,happy,happy
INDONESIA MILIH ARTIS GA DIFILTER DL APAYA KOK BS ADA ORG KEK YONGLEK GINI BANYAK FOLLOWERSNYA APA BAGUSNYA SIH GMN MAU MAJU COBA INDONESIA YA ALLAH,Doa & Harapan,anger,anger
"Siapa sih yang tidak Ngiler lihat duit umat yang melimpah dan mudah menumpuknya , kecuali orang yang kuat imannya ://metro.tempo.co/amp/1095365/ketua-baznas-sebut-bazis-dki-ilegal-sandiaga-uno-beri-penjelasan?__twitter_impression=true",Politik & Sosial,anger,happy
Intinya. Mimpin keluarga dulu. Baru boleh bermimpi memimpin yg Laen. 1.000 % semua orang setuju. Yg ga setuju? Ya brati bukan orang. Gitu aja kok repOt,Kegelisahan & Refleksi,fear,anger
"{mu} kalian mandang org yg jerawatan gimana sih? aku abis bbrp kali tes univ selalu berakhir gk ngobrol sm siapa siapa, soalnya aku takut mereka ga nyaman sama jerawatku. aku mau punya tmn tp pikiranku selalu begini. tlg sarannya ya",Kegelisahan & Refleksi,fear,fear
duh sumpe ngakak hahaha jaman kalo ngetweet terus keliatan 'via blekberi' itu lo udah masuk kategori anak gaul tingkat international ya duh susah sih kalo knalpot dikasi nyawa mah begitu jadinya,Politik & Sosial,anger,happy
"Btw sepanjang JL. Jakarta bahaya banget ya, banyak jalan berlubang, apakabar nih dinas PU Malang? Diem diem baee #kotamalang #savejalanraya #Malang",Kehidupan Sehari-hari,fear,anger
"Muridku dulu di sanggar tahfiz quran, masi keciiiil sekali, ngomong belum terang (belum jelas dia mau bilang apa), tapi waktu Aku simak surah-surah di juz 29, ehh lancarr kek air keran Malu sama diri sndiri",Kehidupan Sehari-hari,sadness,sadness
"[USERNAME] Wkkwkw emang sifat bawaan dari lahir sih iya, selalu mao hasil yang terbaik... Bawa santai ajja sih, nilai kuliah nanti juga gak terlalu pengaruh buat kerja. Lebih penting softskill kan, dan kamu softskillnya udah salah satu yang terbaik di",Politik & Sosial,happy,happy
"gua berasa stalker abis, nyari tau kenapa dia bisa se pendiem itu, nyari tau mantannya, nyari tau latar belakangnya, ngikutin dia sampe rumahnya, kenalan samaa nyokapnya, bikinin bekel, beliin oreo, beliin susu, i serach and give all he cintad. emang gua seagresif itu dulu.",Doa & Harapan,sadness,love
"[USERNAME] Last but not least, harus selalu bersyukur &amp",Doa & Harapan,happy,happy
Gpp miss .. Kami exols bakalan tetap nunggu kami pasti tau susah payah nya buat datangin exo .. Semagat miss .. Fighting aeris ada lain waktu dan kita bakalam ketemu uri exo jangan bersedih lagi,Kehidupan Sehari-hari,happy,happy
"Kadang suka bingung, sama orang yang seluruh hidupnya dia habiskan untuk berdebat. Memperdebatkan hal-hal yang sebenernya sepele tapi buat dia itu hal yang pantas untuk diperdebatkan. Serahlau gw cuman bisa terngowoh~",Kegelisahan & Refleksi,sadness,sadness
Ketika ada kegiatan kantor di Pusat yang bertepatan pada rencana tgl pulang itu artinya adalah tiket pulang gratis :) [URL],Politik & Sosial,happy,happy
"Hari keempat, sebelum sarapan Pak Seno dan Ibu Tuti kembali berbicara dgn kami ""Kalian belum ikhlas ternyata,"" raut wajah kami pada saat itu sudah jauh berubah jika dibandingkan dengan kemarin, tertawa bercanda yang kemarin sempat hilang sudah kembali bersama kami di pagi itu.",Kehidupan Sehari-hari,sadness,sadness
"dek, saya cuma takut, perasaan saya akan melebihi batas sebagai kakak kelas. berhenti ya? sekalipun alasan kamu mengabari saya adalah karena bosan.",Kegelisahan & Refleksi,fear,fear
[USERNAME] [USERNAME] [USERNAME] [USERNAME] [USERNAME] [USERNAME] ini pelecehan tanpa bukti.. Pancasilais monggo bekerja :) Buktikan pancasila mu! [USERNAME] ada yg percaya kepolisian bisa tangkep ni org?,Politik & Sosial,anger,anger
